sample_name	sample_set	replicate	probe_set	library_prep
KGNG-NTG-171	2023-MSMT	1	DR23K	placeholder
KGNG-NTG-170	2023-MSMT	1	DR23K	placeholder
KGNG-NTG-169	2023-MSMT	1	DR23K	placeholder
KGNG-NTG-168	2023-MSMT	1	DR23K	placeholder
KGNG-NTG-165	2023-MSMT	1	DR23K	placeholder
KGNG-NTG-164	2023-MSMT	1	DR23K	placeholder
KGNG-NTG-163	2023-MSMT	1	DR23K	placeholder
KGNG-NTG-159	2023-MSMT	1	DR23K	placeholder
KGNG-NTG-158	2023-MSMT	1	DR23K	placeholder
KGNG-NTG-157	2023-MSMT	1	DR23K	placeholder
KGNG-NTG-156	2023-MSMT	1	DR23K	placeholder
KGNG-NTG-153	2023-MSMT	1	DR23K	placeholder
KGNG-NTG-151	2023-MSMT	1	DR23K	placeholder
KGNG-NTG-150	2023-MSMT	1	DR23K	placeholder
KGNG-NTG-149	2023-MSMT	1	DR23K	placeholder
KGNG-NTG-148	2023-MSMT	1	DR23K	placeholder
KGNG-NTG-141	2023-MSMT	1	DR23K	placeholder
KGNG-NTG-140	2023-MSMT	1	DR23K	placeholder
KGNG-NTG-139	2023-MSMT	1	DR23K	placeholder
KGNG-NTG-137	2023-MSMT	1	DR23K	placeholder
KGNG-NTG-136	2023-MSMT	1	DR23K	placeholder
KGNG-NTG-135	2023-MSMT	1	DR23K	placeholder
KGNG-NTG-134	2023-MSMT	1	DR23K	placeholder
KGNG-NTG-130	2023-MSMT	1	DR23K	placeholder
KGNG-NTG-128	2023-MSMT	1	DR23K	placeholder
KGNG-NTG-127	2023-MSMT	1	DR23K	placeholder
KGNG-NTG-126	2023-MSMT	1	DR23K	placeholder
KGNG-NTG-124	2023-MSMT	1	DR23K	placeholder
KGNG-NTG-123	2023-MSMT	1	DR23K	placeholder
KGNG-NTG-120	2023-MSMT	1	DR23K	placeholder
KGNG-NTG-118	2023-MSMT	1	DR23K	placeholder
KGNG-NTG-117	2023-MSMT	1	DR23K	placeholder
KGNG-NTG-116	2023-MSMT	1	DR23K	placeholder
KGNG-NTG-115	2023-MSMT	1	DR23K	placeholder
KGNG-NTG-113	2023-MSMT	1	DR23K	placeholder
KGNG-NTG-112	2023-MSMT	1	DR23K	placeholder
KGNG-NTG-111	2023-MSMT	1	DR23K	placeholder
KGNG-NTG-110	2023-MSMT	1	DR23K	placeholder
KGNG-NTG-109	2023-MSMT	1	DR23K	placeholder
KGNG-NTG-108	2023-MSMT	1	DR23K	placeholder
KGNG-NTG-104	2023-MSMT	1	DR23K	placeholder
KGNG-NTG-101	2023-MSMT	1	DR23K	placeholder
KGNG-NTG-100	2023-MSMT	1	DR23K	placeholder
KGNG-NTG-098	2023-MSMT	1	DR23K	placeholder
KGNG-NTG-096	2023-MSMT	1	DR23K	placeholder
KGNG-NTG-094	2023-MSMT	1	DR23K	placeholder
KGNG-NTG-091	2023-MSMT	1	DR23K	placeholder
KGNG-NTG-090	2023-MSMT	1	DR23K	placeholder
KGNG-NTG-089	2023-MSMT	1	DR23K	placeholder
KGNG-NTG-086	2023-MSMT	1	DR23K	placeholder
KGNG-NTG-084	2023-MSMT	1	DR23K	placeholder
KGNG-NTG-083	2023-MSMT	1	DR23K	placeholder
KGNG-NTG-081	2023-MSMT	1	DR23K	placeholder
KGNG-NTG-079	2023-MSMT	1	DR23K	placeholder
KGNG-NTG-078	2023-MSMT	1	DR23K	placeholder
KGNG-NTG-077	2023-MSMT	1	DR23K	placeholder
KGNG-NTG-075	2023-MSMT	1	DR23K	placeholder
KGNG-NTG-072	2023-MSMT	1	DR23K	placeholder
KGNG-NTG-070	2023-MSMT	1	DR23K	placeholder
KGNG-NTG-068	2023-MSMT	1	DR23K	placeholder
KGNG-NTG-066	2023-MSMT	1	DR23K	placeholder
KGNG-NTG-065	2023-MSMT	1	DR23K	placeholder
KGNG-NTG-064	2023-MSMT	1	DR23K	placeholder
KGNG-NTG-063	2023-MSMT	1	DR23K	placeholder
KGNG-NTG-062	2023-MSMT	1	DR23K	placeholder
KGNG-NTG-061	2023-MSMT	1	DR23K	placeholder
KGNG-NTG-060	2023-MSMT	1	DR23K	placeholder
KGNG-NTG-059	2023-MSMT	1	DR23K	placeholder
KGNG-NTG-058	2023-MSMT	1	DR23K	placeholder
KGNG-NTG-057	2023-MSMT	1	DR23K	placeholder
KGNG-NTG-056	2023-MSMT	1	DR23K	placeholder
KGNG-NTG-055	2023-MSMT	1	DR23K	placeholder
KGNG-NTG-054	2023-MSMT	1	DR23K	placeholder
KGNG-NTG-053	2023-MSMT	1	DR23K	placeholder
KGNG-NTG-052	2023-MSMT	1	DR23K	placeholder
KGNG-NTG-051	2023-MSMT	1	DR23K	placeholder
KGNG-NTG-050	2023-MSMT	1	DR23K	placeholder
KGNG-NTG-048	2023-MSMT	1	DR23K	placeholder
KGNG-NTG-047	2023-MSMT	1	DR23K	placeholder
KGNG-NTG-046	2023-MSMT	1	DR23K	placeholder
KGNG-NTG-045	2023-MSMT	1	DR23K	placeholder
KGNG-NTG-044	2023-MSMT	1	DR23K	placeholder
KGNG-NTG-043	2023-MSMT	1	DR23K	placeholder
KGNG-NTG-042	2023-MSMT	1	DR23K	placeholder
KGNG-NTG-041	2023-MSMT	1	DR23K	placeholder
KGNG-NTG-040	2023-MSMT	1	DR23K	placeholder
KGNG-NTG-039	2023-MSMT	1	DR23K	placeholder
KGNG-NTG-038	2023-MSMT	1	DR23K	placeholder
KGNG-NTG-037	2023-MSMT	1	DR23K	placeholder
KGNG-NTG-036	2023-MSMT	1	DR23K	placeholder
KGNG-NTG-035	2023-MSMT	1	DR23K	placeholder
KGNG-NTG-034	2023-MSMT	1	DR23K	placeholder
KGNG-NTG-033	2023-MSMT	1	DR23K	placeholder
KGNG-NTG-029	2023-MSMT	1	DR23K	placeholder
KGNG-NTG-028	2023-MSMT	1	DR23K	placeholder
KGNG-NTG-025	2023-MSMT	1	DR23K	placeholder
KGNG-NTG-023	2023-MSMT	1	DR23K	placeholder
KGNG-NTG-021	2023-MSMT	1	DR23K	placeholder
KGNG-NTG-020	2023-MSMT	1	DR23K	placeholder
KGNG-NTG-018	2023-MSMT	1	DR23K	placeholder
KGNG-NTG-017	2023-MSMT	1	DR23K	placeholder
KGNG-NTG-016	2023-MSMT	1	DR23K	placeholder
KGNG-NTG-015	2023-MSMT	1	DR23K	placeholder
KGNG-NTG-014	2023-MSMT	1	DR23K	placeholder
KGNG-NTG-011	2023-MSMT	1	DR23K	placeholder
KGNG-NTG-010	2023-MSMT	1	DR23K	placeholder
KGNG-NTG-009	2023-MSMT	1	DR23K	placeholder
KGNG-NTG-008	2023-MSMT	1	DR23K	placeholder
KGNG-NTG-003	2023-MSMT	1	DR23K	placeholder
KGNG-NTG-002	2023-MSMT	1	DR23K	placeholder
KGNG-CVU-162	2023-MSMT	1	DR23K	placeholder
KGNG-CVU-161	2023-MSMT	1	DR23K	placeholder
KGNG-CVU-158	2023-MSMT	1	DR23K	placeholder
KGNG-CVU-157	2023-MSMT	1	DR23K	placeholder
KGNG-CVU-155	2023-MSMT	1	DR23K	placeholder
KGNG-CVU-154	2023-MSMT	1	DR23K	placeholder
KGNG-CVU-152	2023-MSMT	1	DR23K	placeholder
KGNG-CVU-151	2023-MSMT	1	DR23K	placeholder
KGNG-CVU-150	2023-MSMT	1	DR23K	placeholder
KGNG-CVU-149	2023-MSMT	1	DR23K	placeholder
KGNG-CVU-148	2023-MSMT	1	DR23K	placeholder
KGNG-CVU-147	2023-MSMT	1	DR23K	placeholder
KGNG-CVU-146	2023-MSMT	1	DR23K	placeholder
KGNG-CVU-144	2023-MSMT	1	DR23K	placeholder
KGNG-CVU-143	2023-MSMT	1	DR23K	placeholder
KGNG-CVU-142	2023-MSMT	1	DR23K	placeholder
KGNG-CVU-141	2023-MSMT	1	DR23K	placeholder
KGNG-CVU-140	2023-MSMT	1	DR23K	placeholder
KGNG-CVU-139	2023-MSMT	1	DR23K	placeholder
KGNG-CVU-138	2023-MSMT	1	DR23K	placeholder
KGNG-CVU-137	2023-MSMT	1	DR23K	placeholder
KGNG-CVU-136	2023-MSMT	1	DR23K	placeholder
KGNG-CVU-135	2023-MSMT	1	DR23K	placeholder
KGNG-CVU-133	2023-MSMT	1	DR23K	placeholder
KGNG-CVU-131	2023-MSMT	1	DR23K	placeholder
KGNG-CVU-128	2023-MSMT	1	DR23K	placeholder
KGNG-CVU-127	2023-MSMT	1	DR23K	placeholder
KGNG-CVU-126	2023-MSMT	1	DR23K	placeholder
KGNG-CVU-125	2023-MSMT	1	DR23K	placeholder
KGNG-CVU-124	2023-MSMT	1	DR23K	placeholder
KGNG-CVU-123	2023-MSMT	1	DR23K	placeholder
KGNG-CVU-122	2023-MSMT	1	DR23K	placeholder
KGNG-CVU-121	2023-MSMT	1	DR23K	placeholder
KGNG-CVU-120	2023-MSMT	1	DR23K	placeholder
KGNG-CVU-119	2023-MSMT	1	DR23K	placeholder
KGNG-CVU-118	2023-MSMT	1	DR23K	placeholder
KGNG-CVU-117	2023-MSMT	1	DR23K	placeholder
KGNG-CVU-116	2023-MSMT	1	DR23K	placeholder
KGNG-CVU-115	2023-MSMT	1	DR23K	placeholder
KGNG-CVU-114	2023-MSMT	1	DR23K	placeholder
KGNG-CVU-113	2023-MSMT	1	DR23K	placeholder
KGNG-CVU-112	2023-MSMT	1	DR23K	placeholder
KGNG-CVU-111	2023-MSMT	1	DR23K	placeholder
KGNG-CVU-110	2023-MSMT	1	DR23K	placeholder
KGNG-CVU-109	2023-MSMT	1	DR23K	placeholder
KGNG-CVU-108	2023-MSMT	1	DR23K	placeholder
KGNG-CVU-107	2023-MSMT	1	DR23K	placeholder
KGNG-CVU-105	2023-MSMT	1	DR23K	placeholder
KGNG-CVU-103	2023-MSMT	1	DR23K	placeholder
KGNG-CVU-101	2023-MSMT	1	DR23K	placeholder
KGNG-CVU-100	2023-MSMT	1	DR23K	placeholder
KGNG-CVU-099	2023-MSMT	1	DR23K	placeholder
KGNG-CVU-098	2023-MSMT	1	DR23K	placeholder
KGNG-CVU-097	2023-MSMT	1	DR23K	placeholder
KGNG-CVU-096	2023-MSMT	1	DR23K	placeholder
KGNG-CVU-095	2023-MSMT	1	DR23K	placeholder
KGNG-CVU-094	2023-MSMT	1	DR23K	placeholder
KGNG-CVU-093	2023-MSMT	1	DR23K	placeholder
KGNG-CVU-092	2023-MSMT	1	DR23K	placeholder
KGNG-CVU-091	2023-MSMT	1	DR23K	placeholder
KGNG-CVU-090	2023-MSMT	1	DR23K	placeholder
KGNG-CVU-089	2023-MSMT	1	DR23K	placeholder
KGNG-CVU-088	2023-MSMT	1	DR23K	placeholder
KGNG-CVU-087	2023-MSMT	1	DR23K	placeholder
KGNG-CVU-086	2023-MSMT	1	DR23K	placeholder
KGNG-CVU-085	2023-MSMT	1	DR23K	placeholder
KGNG-CVU-084	2023-MSMT	1	DR23K	placeholder
KGNG-CVU-083	2023-MSMT	1	DR23K	placeholder
KGNG-CVU-082	2023-MSMT	1	DR23K	placeholder
KGNG-CVU-081	2023-MSMT	1	DR23K	placeholder
KGNG-CVU-080	2023-MSMT	1	DR23K	placeholder
KGNG-CVU-079	2023-MSMT	1	DR23K	placeholder
KGNG-CVU-078	2023-MSMT	1	DR23K	placeholder
KGNG-CVU-076	2023-MSMT	1	DR23K	placeholder
KGNG-CVU-074	2023-MSMT	1	DR23K	placeholder
KGNG-CVU-072	2023-MSMT	1	DR23K	placeholder
KGNG-CVU-071	2023-MSMT	1	DR23K	placeholder
KGNG-CVU-070	2023-MSMT	1	DR23K	placeholder
KGNG-CVU-068	2023-MSMT	1	DR23K	placeholder
KGNG-CVU-067	2023-MSMT	1	DR23K	placeholder
KGNG-CVU-065	2023-MSMT	1	DR23K	placeholder
KGNG-CVU-064	2023-MSMT	1	DR23K	placeholder
KGNG-CVU-063	2023-MSMT	1	DR23K	placeholder
KGNG-CVU-062	2023-MSMT	1	DR23K	placeholder
KGNG-CVU-061	2023-MSMT	1	DR23K	placeholder
KGNG-CVU-060	2023-MSMT	1	DR23K	placeholder
KGNG-CVU-059	2023-MSMT	1	DR23K	placeholder
KGNG-CVU-058	2023-MSMT	1	DR23K	placeholder
KGNG-CVU-057	2023-MSMT	1	DR23K	placeholder
KGNG-CVU-056	2023-MSMT	1	DR23K	placeholder
KGNG-CVU-055	2023-MSMT	1	DR23K	placeholder
KGNG-CVU-054	2023-MSMT	1	DR23K	placeholder
KGNG-CVU-053	2023-MSMT	1	DR23K	placeholder
KGNG-CVU-052	2023-MSMT	1	DR23K	placeholder
KGNG-CVU-051	2023-MSMT	1	DR23K	placeholder
KGNG-CVU-050	2023-MSMT	1	DR23K	placeholder
KGNG-CVU-049	2023-MSMT	1	DR23K	placeholder
KGNG-CVU-048	2023-MSMT	1	DR23K	placeholder
KGNG-CVU-047	2023-MSMT	1	DR23K	placeholder
KGNG-CVU-046	2023-MSMT	1	DR23K	placeholder
KGNG-CVU-045	2023-MSMT	1	DR23K	placeholder
KGNG-CVU-044	2023-MSMT	1	DR23K	placeholder
KGNG-CVU-043	2023-MSMT	1	DR23K	placeholder
KGNG-CVU-042	2023-MSMT	1	DR23K	placeholder
KGNG-CVU-254	2023-MSMT	1	DR23K	placeholder
KGNG-CVU-253	2023-MSMT	1	DR23K	placeholder
KGNG-CVU-252	2023-MSMT	1	DR23K	placeholder
KGNG-CVU-251	2023-MSMT	1	DR23K	placeholder
KGNG-CVU-250	2023-MSMT	1	DR23K	placeholder
KGNG-CVU-249	2023-MSMT	1	DR23K	placeholder
KGNG-CVU-248	2023-MSMT	1	DR23K	placeholder
KGNG-CVU-247	2023-MSMT	1	DR23K	placeholder
KGNG-CVU-246	2023-MSMT	1	DR23K	placeholder
KGNG-CVU-245	2023-MSMT	1	DR23K	placeholder
KGNG-CVU-244	2023-MSMT	1	DR23K	placeholder
KGNG-CVU-243	2023-MSMT	1	DR23K	placeholder
KGNG-CVU-241	2023-MSMT	1	DR23K	placeholder
KGNG-CVU-240	2023-MSMT	1	DR23K	placeholder
KGNG-CVU-239	2023-MSMT	1	DR23K	placeholder
KGNG-CVU-238	2023-MSMT	1	DR23K	placeholder
KGNG-CVU-236	2023-MSMT	1	DR23K	placeholder
KGNG-CVU-235	2023-MSMT	1	DR23K	placeholder
KGNG-CVU-234	2023-MSMT	1	DR23K	placeholder
KGNG-CVU-233	2023-MSMT	1	DR23K	placeholder
KGNG-CVU-232	2023-MSMT	1	DR23K	placeholder
KGNG-CVU-231	2023-MSMT	1	DR23K	placeholder
KGNG-CVU-230	2023-MSMT	1	DR23K	placeholder
KGNG-CVU-229	2023-MSMT	1	DR23K	placeholder
KGNG-CVU-228	2023-MSMT	1	DR23K	placeholder
KGNG-CVU-227	2023-MSMT	1	DR23K	placeholder
KGNG-CVU-226	2023-MSMT	1	DR23K	placeholder
KGNG-CVU-225	2023-MSMT	1	DR23K	placeholder
KGNG-CVU-224	2023-MSMT	1	DR23K	placeholder
KGNG-CVU-223	2023-MSMT	1	DR23K	placeholder
KGNG-CVU-222	2023-MSMT	1	DR23K	placeholder
KGNG-CVU-221	2023-MSMT	1	DR23K	placeholder
KGNG-CVU-220	2023-MSMT	1	DR23K	placeholder
KGNG-CVU-219	2023-MSMT	1	DR23K	placeholder
KGNG-CVU-218	2023-MSMT	1	DR23K	placeholder
KGNG-CVU-217	2023-MSMT	1	DR23K	placeholder
KGNG-CVU-216	2023-MSMT	1	DR23K	placeholder
KGNG-CVU-215	2023-MSMT	1	DR23K	placeholder
KGNG-CVU-213	2023-MSMT	1	DR23K	placeholder
KGNG-CVU-211	2023-MSMT	1	DR23K	placeholder
KGNG-CVU-207	2023-MSMT	1	DR23K	placeholder
KGNG-CVU-206	2023-MSMT	1	DR23K	placeholder
KGNG-CVU-204	2023-MSMT	1	DR23K	placeholder
KGNG-CVU-203	2023-MSMT	1	DR23K	placeholder
KGNG-CVU-202	2023-MSMT	1	DR23K	placeholder
KGNG-CVU-201	2023-MSMT	1	DR23K	placeholder
KGNG-CVU-200	2023-MSMT	1	DR23K	placeholder
KGNG-CVU-199	2023-MSMT	1	DR23K	placeholder
KGNG-CVU-198	2023-MSMT	1	DR23K	placeholder
KGNG-CVU-197	2023-MSMT	1	DR23K	placeholder
KGNG-CVU-196	2023-MSMT	1	DR23K	placeholder
KGNG-CVU-195	2023-MSMT	1	DR23K	placeholder
KGNG-CVU-194	2023-MSMT	1	DR23K	placeholder
KGNG-CVU-193	2023-MSMT	1	DR23K	placeholder
KGNG-CVU-192	2023-MSMT	1	DR23K	placeholder
KGNG-CVU-191	2023-MSMT	1	DR23K	placeholder
KGNG-CVU-190	2023-MSMT	1	DR23K	placeholder
KGNG-CVU-189	2023-MSMT	1	DR23K	placeholder
KGNG-CVU-188	2023-MSMT	1	DR23K	placeholder
KGNG-CVU-187	2023-MSMT	1	DR23K	placeholder
KGNG-CVU-186	2023-MSMT	1	DR23K	placeholder
KGNG-CVU-185	2023-MSMT	1	DR23K	placeholder
KGNG-CVU-184	2023-MSMT	1	DR23K	placeholder
KGNG-CVU-183	2023-MSMT	1	DR23K	placeholder
KGNG-CVU-181	2023-MSMT	1	DR23K	placeholder
KGNG-CVU-179	2023-MSMT	1	DR23K	placeholder
KGNG-CVU-178	2023-MSMT	1	DR23K	placeholder
KGNG-CVU-176	2023-MSMT	1	DR23K	placeholder
KGNG-CVU-175	2023-MSMT	1	DR23K	placeholder
KGNG-CVU-173	2023-MSMT	1	DR23K	placeholder
KGNG-CVU-172	2023-MSMT	1	DR23K	placeholder
KGNG-CVU-171	2023-MSMT	1	DR23K	placeholder
KGNG-CVU-170	2023-MSMT	1	DR23K	placeholder
KGNG-CVU-169	2023-MSMT	1	DR23K	placeholder
KGNG-CVU-168	2023-MSMT	1	DR23K	placeholder
KGNG-CVU-167	2023-MSMT	1	DR23K	placeholder
KGNG-CVU-166	2023-MSMT	1	DR23K	placeholder
KGNG-CVU-165	2023-MSMT	1	DR23K	placeholder
KGNG-CVU-164	2023-MSMT	1	DR23K	placeholder
KGNG-CVU-163	2023-MSMT	1	DR23K	placeholder
KGNG-CVU-145	2023-MSMT	1	DR23K	placeholder
KGNG-CVU-102	2023-MSMT	1	DR23K	placeholder
KGNG-CVU-041	2023-MSMT	1	DR23K	placeholder
KGNG-CVU-040	2023-MSMT	1	DR23K	placeholder
KGNG-CVU-039	2023-MSMT	1	DR23K	placeholder
KGNG-CVU-038	2023-MSMT	1	DR23K	placeholder
KGNG-CVU-037	2023-MSMT	1	DR23K	placeholder
KGNG-CVU-035	2023-MSMT	1	DR23K	placeholder
KGNG-CVU-034	2023-MSMT	1	DR23K	placeholder
KGNG-CVU-033	2023-MSMT	1	DR23K	placeholder
KGNG-CVU-032	2023-MSMT	1	DR23K	placeholder
KGNG-CVU-031	2023-MSMT	1	DR23K	placeholder
KGNG-CVU-029	2023-MSMT	1	DR23K	placeholder
KGNG-CVU-028	2023-MSMT	1	DR23K	placeholder
KGNG-CVU-027	2023-MSMT	1	DR23K	placeholder
KGNG-CVU-026	2023-MSMT	1	DR23K	placeholder
KGNG-CVU-025	2023-MSMT	1	DR23K	placeholder
KGNG-CVU-024	2023-MSMT	1	DR23K	placeholder
KGNG-CVU-023	2023-MSMT	1	DR23K	placeholder
KGNG-CVU-022	2023-MSMT	1	DR23K	placeholder
KGNG-CVU-021	2023-MSMT	1	DR23K	placeholder
KGNG-CVU-020	2023-MSMT	1	DR23K	placeholder
KGNG-CVU-019	2023-MSMT	1	DR23K	placeholder
KGNG-CVU-018	2023-MSMT	1	DR23K	placeholder
KGNG-CVU-017	2023-MSMT	1	DR23K	placeholder
KGNG-CVU-014	2023-MSMT	1	DR23K	placeholder
KGNG-CVU-012	2023-MSMT	1	DR23K	placeholder
KGNG-CVU-010	2023-MSMT	1	DR23K	placeholder
KGNG-CVU-009	2023-MSMT	1	DR23K	placeholder
KGNG-CVU-008	2023-MSMT	1	DR23K	placeholder
KGNG-CVU-007	2023-MSMT	1	DR23K	placeholder
KGNG-CVU-006	2023-MSMT	1	DR23K	placeholder
KGNG-CVU-005	2023-MSMT	1	DR23K	placeholder
KGNG-CVU-004	2023-MSMT	1	DR23K	placeholder
KGNG-CVU-002	2023-MSMT	1	DR23K	placeholder
KGNG-CVU-001	2023-MSMT	1	DR23K	placeholder
KGMU-RSW-189	2023-MSMT	1	DR23K	placeholder
KGMU-RSW-188	2023-MSMT	1	DR23K	placeholder
KGMU-RSW-187	2023-MSMT	1	DR23K	placeholder
KGMU-RSW-186	2023-MSMT	1	DR23K	placeholder
KGMU-RSW-183	2023-MSMT	1	DR23K	placeholder
KGMU-RSW-182	2023-MSMT	1	DR23K	placeholder
KGMU-RSW-180	2023-MSMT	1	DR23K	placeholder
KGMU-RSW-179	2023-MSMT	1	DR23K	placeholder
KGMU-RSW-178	2023-MSMT	1	DR23K	placeholder
KGMU-RSW-177	2023-MSMT	1	DR23K	placeholder
KGMU-RSW-176	2023-MSMT	1	DR23K	placeholder
KGMU-RSW-175	2023-MSMT	1	DR23K	placeholder
KGMU-RSW-174	2023-MSMT	1	DR23K	placeholder
KGMU-RSW-173	2023-MSMT	1	DR23K	placeholder
KGMU-RSW-172	2023-MSMT	1	DR23K	placeholder
KGMU-RSW-171	2023-MSMT	1	DR23K	placeholder
KGMU-RSW-170	2023-MSMT	1	DR23K	placeholder
KGMU-RSW-168	2023-MSMT	1	DR23K	placeholder
KGMU-RSW-165	2023-MSMT	1	DR23K	placeholder
KGMU-RSW-164	2023-MSMT	1	DR23K	placeholder
KGMU-RSW-163	2023-MSMT	1	DR23K	placeholder
KGMU-RSW-162	2023-MSMT	1	DR23K	placeholder
KGMU-RSW-160	2023-MSMT	1	DR23K	placeholder
KGMU-RSW-157	2023-MSMT	1	DR23K	placeholder
KGMU-RSW-155	2023-MSMT	1	DR23K	placeholder
KGMU-RSW-154	2023-MSMT	1	DR23K	placeholder
KGMU-RSW-153	2023-MSMT	1	DR23K	placeholder
KGMU-RSW-150	2023-MSMT	1	DR23K	placeholder
KGMU-RSW-149	2023-MSMT	1	DR23K	placeholder
KGMU-RSW-148	2023-MSMT	1	DR23K	placeholder
KGMU-RSW-145	2023-MSMT	1	DR23K	placeholder
KGMU-RSW-144	2023-MSMT	1	DR23K	placeholder
KGMU-RSW-143	2023-MSMT	1	DR23K	placeholder
KGMU-RSW-142	2023-MSMT	1	DR23K	placeholder
KGMU-RSW-141	2023-MSMT	1	DR23K	placeholder
KGMU-RSW-140	2023-MSMT	1	DR23K	placeholder
KGMU-RSW-139	2023-MSMT	1	DR23K	placeholder
KGMU-RSW-137	2023-MSMT	1	DR23K	placeholder
KGMU-RSW-136	2023-MSMT	1	DR23K	placeholder
KGMU-RSW-129	2023-MSMT	1	DR23K	placeholder
KGMU-RSW-128	2023-MSMT	1	DR23K	placeholder
KGMU-RSW-126	2023-MSMT	1	DR23K	placeholder
KGMU-RSW-125	2023-MSMT	1	DR23K	placeholder
KGMU-RSW-124	2023-MSMT	1	DR23K	placeholder
KGMU-RSW-122	2023-MSMT	1	DR23K	placeholder
KGMU-RSW-121	2023-MSMT	1	DR23K	placeholder
KGMU-RSW-120	2023-MSMT	1	DR23K	placeholder
KGMU-RSW-118	2023-MSMT	1	DR23K	placeholder
KGMU-RSW-117	2023-MSMT	1	DR23K	placeholder
KGMU-RSW-116	2023-MSMT	1	DR23K	placeholder
KGMU-RSW-115	2023-MSMT	1	DR23K	placeholder
KGMU-RSW-114	2023-MSMT	1	DR23K	placeholder
KGMU-RSW-113	2023-MSMT	1	DR23K	placeholder
KGMU-RSW-111	2023-MSMT	1	DR23K	placeholder
KGMU-RSW-109	2023-MSMT	1	DR23K	placeholder
KGMU-RSW-107	2023-MSMT	1	DR23K	placeholder
KGMU-RSW-105	2023-MSMT	1	DR23K	placeholder
KGMU-RSW-104	2023-MSMT	1	DR23K	placeholder
KGMU-RSW-103	2023-MSMT	1	DR23K	placeholder
KGMU-RSW-098	2023-MSMT	1	DR23K	placeholder
KGMU-RSW-097	2023-MSMT	1	DR23K	placeholder
KGMU-RSW-096	2023-MSMT	1	DR23K	placeholder
KGMU-RSW-095	2023-MSMT	1	DR23K	placeholder
KGMU-RSW-094	2023-MSMT	1	DR23K	placeholder
KGMU-RSW-093	2023-MSMT	1	DR23K	placeholder
KGMU-RSW-090	2023-MSMT	1	DR23K	placeholder
KGMU-RSW-086	2023-MSMT	1	DR23K	placeholder
KGMU-RSW-085	2023-MSMT	1	DR23K	placeholder
KGMU-RSW-084	2023-MSMT	1	DR23K	placeholder
KGMU-RSW-083	2023-MSMT	1	DR23K	placeholder
KGMU-RSW-082	2023-MSMT	1	DR23K	placeholder
KGMU-RSW-080	2023-MSMT	1	DR23K	placeholder
KGMU-RSW-078	2023-MSMT	1	DR23K	placeholder
KGMU-RSW-077	2023-MSMT	1	DR23K	placeholder
KGMU-RSW-076	2023-MSMT	1	DR23K	placeholder
KGMU-RSW-075	2023-MSMT	1	DR23K	placeholder
KGMU-RSW-074	2023-MSMT	1	DR23K	placeholder
KGMU-RSW-072	2023-MSMT	1	DR23K	placeholder
KGMU-RSW-071	2023-MSMT	1	DR23K	placeholder
KGMU-RSW-070	2023-MSMT	1	DR23K	placeholder
KGMU-RSW-069	2023-MSMT	1	DR23K	placeholder
KGMU-RSW-066	2023-MSMT	1	DR23K	placeholder
KGMU-RSW-063	2023-MSMT	1	DR23K	placeholder
KGMU-RSW-062	2023-MSMT	1	DR23K	placeholder
KGMU-RSW-059	2023-MSMT	1	DR23K	placeholder
KGMU-RSW-057	2023-MSMT	1	DR23K	placeholder
KGMU-RSW-056	2023-MSMT	1	DR23K	placeholder
KGMU-RSW-055	2023-MSMT	1	DR23K	placeholder
KGMU-RSW-053	2023-MSMT	1	DR23K	placeholder
KGMU-RSW-050	2023-MSMT	1	DR23K	placeholder
KGMU-RSW-048	2023-MSMT	1	DR23K	placeholder
KGMU-RSW-044	2023-MSMT	1	DR23K	placeholder
KGMU-RSW-043	2023-MSMT	1	DR23K	placeholder
KGMU-RSW-041	2023-MSMT	1	DR23K	placeholder
KGMU-RSW-040	2023-MSMT	1	DR23K	placeholder
KGMU-RSW-038	2023-MSMT	1	DR23K	placeholder
KGMU-RSW-034	2023-MSMT	1	DR23K	placeholder
KGMU-RSW-033	2023-MSMT	1	DR23K	placeholder
KGMU-RSW-029	2023-MSMT	1	DR23K	placeholder
KGMU-RSW-027	2023-MSMT	1	DR23K	placeholder
KGMU-RSW-026	2023-MSMT	1	DR23K	placeholder
KGMU-RSW-024	2023-MSMT	1	DR23K	placeholder
KGMU-RSW-018	2023-MSMT	1	DR23K	placeholder
KGMU-RSW-016	2023-MSMT	1	DR23K	placeholder
KGMU-RSW-015	2023-MSMT	1	DR23K	placeholder
KGMU-RSW-013	2023-MSMT	1	DR23K	placeholder
KGMU-RSW-011	2023-MSMT	1	DR23K	placeholder
KGMU-RSW-010	2023-MSMT	1	DR23K	placeholder
KGMU-RSW-009	2023-MSMT	1	DR23K	placeholder
KGMU-RSW-001	2023-MSMT	1	DR23K	placeholder
KGMU-NSB-346	2023-MSMT	1	DR23K	placeholder
KGMU-NSB-345	2023-MSMT	1	DR23K	placeholder
KGMU-NSB-344	2023-MSMT	1	DR23K	placeholder
KGMU-NSB-343	2023-MSMT	1	DR23K	placeholder
KGMU-NSB-342	2023-MSMT	1	DR23K	placeholder
KGMU-NSB-341	2023-MSMT	1	DR23K	placeholder
KGMU-NSB-340	2023-MSMT	1	DR23K	placeholder
KGMU-NSB-339	2023-MSMT	1	DR23K	placeholder
KGMU-NSB-338	2023-MSMT	1	DR23K	placeholder
KGMU-NSB-336	2023-MSMT	1	DR23K	placeholder
KGMU-NSB-334	2023-MSMT	1	DR23K	placeholder
KGMU-NSB-333	2023-MSMT	1	DR23K	placeholder
KGMU-NSB-332	2023-MSMT	1	DR23K	placeholder
KGMU-NSB-331	2023-MSMT	1	DR23K	placeholder
KGMU-NSB-330	2023-MSMT	1	DR23K	placeholder
KGMU-NSB-328	2023-MSMT	1	DR23K	placeholder
KGMU-NSB-327	2023-MSMT	1	DR23K	placeholder
KGMU-NSB-324	2023-MSMT	1	DR23K	placeholder
KGMU-NSB-323	2023-MSMT	1	DR23K	placeholder
KGMU-NSB-322	2023-MSMT	1	DR23K	placeholder
KGMU-NSB-321	2023-MSMT	1	DR23K	placeholder
KGMU-NSB-318	2023-MSMT	1	DR23K	placeholder
KGMU-NSB-317	2023-MSMT	1	DR23K	placeholder
KGMU-NSB-316	2023-MSMT	1	DR23K	placeholder
KGMU-NSB-315	2023-MSMT	1	DR23K	placeholder
KGMU-NSB-313	2023-MSMT	1	DR23K	placeholder
KGMU-NSB-312	2023-MSMT	1	DR23K	placeholder
KGMU-NSB-311	2023-MSMT	1	DR23K	placeholder
KGMU-NSB-309	2023-MSMT	1	DR23K	placeholder
KGMU-NSB-306	2023-MSMT	1	DR23K	placeholder
KGMU-NSB-305	2023-MSMT	1	DR23K	placeholder
KGMU-NSB-304	2023-MSMT	1	DR23K	placeholder
KGMU-NSB-303	2023-MSMT	1	DR23K	placeholder
KGMU-NSB-302	2023-MSMT	1	DR23K	placeholder
KGMU-NSB-301	2023-MSMT	1	DR23K	placeholder
KGMU-NSB-300	2023-MSMT	1	DR23K	placeholder
KGMU-NSB-299	2023-MSMT	1	DR23K	placeholder
KGMU-NSB-298	2023-MSMT	1	DR23K	placeholder
KGMU-NSB-295	2023-MSMT	1	DR23K	placeholder
KGMU-NSB-294	2023-MSMT	1	DR23K	placeholder
KGMU-NSB-293	2023-MSMT	1	DR23K	placeholder
KGMU-NSB-292	2023-MSMT	1	DR23K	placeholder
KGMU-NSB-291	2023-MSMT	1	DR23K	placeholder
KGMU-NSB-290	2023-MSMT	1	DR23K	placeholder
KGMU-NSB-289	2023-MSMT	1	DR23K	placeholder
KGMU-NSB-286	2023-MSMT	1	DR23K	placeholder
KGMU-NSB-283	2023-MSMT	1	DR23K	placeholder
KGMU-NSB-281	2023-MSMT	1	DR23K	placeholder
KGMU-NSB-280	2023-MSMT	1	DR23K	placeholder
KGMU-NSB-279	2023-MSMT	1	DR23K	placeholder
KGMU-NSB-278	2023-MSMT	1	DR23K	placeholder
KGMU-NSB-275	2023-MSMT	1	DR23K	placeholder
KGMU-NSB-273	2023-MSMT	1	DR23K	placeholder
KGMU-NSB-272	2023-MSMT	1	DR23K	placeholder
KGMU-NSB-271	2023-MSMT	1	DR23K	placeholder
KGMU-NSB-270	2023-MSMT	1	DR23K	placeholder
KGMU-NSB-269	2023-MSMT	1	DR23K	placeholder
KGMU-NSB-268	2023-MSMT	1	DR23K	placeholder
KGMU-NSB-267	2023-MSMT	1	DR23K	placeholder
KGMU-NSB-266	2023-MSMT	1	DR23K	placeholder
KGMU-NSB-265	2023-MSMT	1	DR23K	placeholder
KGMU-NSB-264	2023-MSMT	1	DR23K	placeholder
KGMU-NSB-263	2023-MSMT	1	DR23K	placeholder
KGMU-NSB-261	2023-MSMT	1	DR23K	placeholder
KGMU-NSB-260	2023-MSMT	1	DR23K	placeholder
KGMU-NSB-259	2023-MSMT	1	DR23K	placeholder
KGMU-NSB-258	2023-MSMT	1	DR23K	placeholder
KGMU-NSB-256	2023-MSMT	1	DR23K	placeholder
KGMU-NSB-255	2023-MSMT	1	DR23K	placeholder
KGMU-NSB-254	2023-MSMT	1	DR23K	placeholder
KGMU-NSB-253	2023-MSMT	1	DR23K	placeholder
KGMU-NSB-252	2023-MSMT	1	DR23K	placeholder
KGMU-NSB-251	2023-MSMT	1	DR23K	placeholder
KGMU-NSB-250	2023-MSMT	1	DR23K	placeholder
KGMU-NSB-249	2023-MSMT	1	DR23K	placeholder
KGMU-NSB-247	2023-MSMT	1	DR23K	placeholder
KGMU-NSB-246	2023-MSMT	1	DR23K	placeholder
KGMU-NSB-244	2023-MSMT	1	DR23K	placeholder
KGMU-NSB-242	2023-MSMT	1	DR23K	placeholder
KGMU-NSB-240	2023-MSMT	1	DR23K	placeholder
KGMU-NSB-239	2023-MSMT	1	DR23K	placeholder
KGMU-NSB-235	2023-MSMT	1	DR23K	placeholder
KGMU-NSB-232	2023-MSMT	1	DR23K	placeholder
KGMU-NSB-231	2023-MSMT	1	DR23K	placeholder
KGMU-NSB-230	2023-MSMT	1	DR23K	placeholder
KGMU-NSB-229	2023-MSMT	1	DR23K	placeholder
KGMU-NSB-228	2023-MSMT	1	DR23K	placeholder
KGMU-NSB-227	2023-MSMT	1	DR23K	placeholder
KGMU-NSB-226	2023-MSMT	1	DR23K	placeholder
KGMU-NSB-225	2023-MSMT	1	DR23K	placeholder
KGMU-NSB-224	2023-MSMT	1	DR23K	placeholder
KGMU-NSB-223	2023-MSMT	1	DR23K	placeholder
KGMU-NSB-222	2023-MSMT	1	DR23K	placeholder
KGMU-NSB-221	2023-MSMT	1	DR23K	placeholder
KGMU-NSB-220	2023-MSMT	1	DR23K	placeholder
KGMU-NSB-218	2023-MSMT	1	DR23K	placeholder
KGMU-NSB-214	2023-MSMT	1	DR23K	placeholder
KGMU-NSB-213	2023-MSMT	1	DR23K	placeholder
KGMU-NSB-212	2023-MSMT	1	DR23K	placeholder
KGMU-NSB-211	2023-MSMT	1	DR23K	placeholder
KGMU-NSB-210	2023-MSMT	1	DR23K	placeholder
KGMU-NSB-209	2023-MSMT	1	DR23K	placeholder
KGMU-NSB-206	2023-MSMT	1	DR23K	placeholder
KGMU-NSB-205	2023-MSMT	1	DR23K	placeholder
KGMU-NSB-202	2023-MSMT	1	DR23K	placeholder
KGMU-NSB-201	2023-MSMT	1	DR23K	placeholder
KGMU-NSB-200	2023-MSMT	1	DR23K	placeholder
KGMU-NSB-199	2023-MSMT	1	DR23K	placeholder
KGMU-NSB-198	2023-MSMT	1	DR23K	placeholder
KGMU-NSB-197	2023-MSMT	1	DR23K	placeholder
KGMU-NSB-196	2023-MSMT	1	DR23K	placeholder
KGMU-NSB-195	2023-MSMT	1	DR23K	placeholder
KGMU-NSB-188	2023-MSMT	1	DR23K	placeholder
KGMU-NSB-183	2023-MSMT	1	DR23K	placeholder
KGMU-NSB-182	2023-MSMT	1	DR23K	placeholder
KGMU-NSB-180	2023-MSMT	1	DR23K	placeholder
KGMU-NSB-178	2023-MSMT	1	DR23K	placeholder
KGMU-NSB-172	2023-MSMT	1	DR23K	placeholder
KGMU-NSB-171	2023-MSMT	1	DR23K	placeholder
KGMU-NSB-170	2023-MSMT	1	DR23K	placeholder
KGMU-NSB-169	2023-MSMT	1	DR23K	placeholder
KGMU-NSB-168	2023-MSMT	1	DR23K	placeholder
KGMU-NSB-167	2023-MSMT	1	DR23K	placeholder
KGMU-NSB-166	2023-MSMT	1	DR23K	placeholder
KGMU-NSB-163	2023-MSMT	1	DR23K	placeholder
KGMU-NSB-159	2023-MSMT	1	DR23K	placeholder
KGMU-NSB-158	2023-MSMT	1	DR23K	placeholder
KGMU-NSB-157	2023-MSMT	1	DR23K	placeholder
KGMU-NSB-156	2023-MSMT	1	DR23K	placeholder
KGMU-NSB-155	2023-MSMT	1	DR23K	placeholder
KGMU-NSB-154	2023-MSMT	1	DR23K	placeholder
KGMU-NSB-142	2023-MSMT	1	DR23K	placeholder
KGMU-NSB-141	2023-MSMT	1	DR23K	placeholder
KGMU-NSB-139	2023-MSMT	1	DR23K	placeholder
KGMU-NSB-138	2023-MSMT	1	DR23K	placeholder
KGMU-NSB-137	2023-MSMT	1	DR23K	placeholder
KGMU-NSB-133	2023-MSMT	1	DR23K	placeholder
KGMU-NSB-130	2023-MSMT	1	DR23K	placeholder
KGMU-NSB-128	2023-MSMT	1	DR23K	placeholder
KGMU-NSB-127	2023-MSMT	1	DR23K	placeholder
KGMU-NSB-126	2023-MSMT	1	DR23K	placeholder
KGMU-NSB-125	2023-MSMT	1	DR23K	placeholder
KGMU-NSB-123	2023-MSMT	1	DR23K	placeholder
KGMU-NSB-122	2023-MSMT	1	DR23K	placeholder
KGMU-NSB-121	2023-MSMT	1	DR23K	placeholder
KGMU-NSB-119	2023-MSMT	1	DR23K	placeholder
KGMU-NSB-114	2023-MSMT	1	DR23K	placeholder
KGMU-NSB-105	2023-MSMT	1	DR23K	placeholder
KGMU-NSB-104	2023-MSMT	1	DR23K	placeholder
KGMU-NSB-103	2023-MSMT	1	DR23K	placeholder
KGMU-NSB-102	2023-MSMT	1	DR23K	placeholder
KGMU-NSB-100	2023-MSMT	1	DR23K	placeholder
KGMU-NSB-099	2023-MSMT	1	DR23K	placeholder
KGMU-NSB-095	2023-MSMT	1	DR23K	placeholder
KGMU-NSB-094	2023-MSMT	1	DR23K	placeholder
KGMU-NSB-093	2023-MSMT	1	DR23K	placeholder
KGMU-NSB-092	2023-MSMT	1	DR23K	placeholder
KGMU-NSB-091	2023-MSMT	1	DR23K	placeholder
KGMU-NSB-090	2023-MSMT	1	DR23K	placeholder
KGMU-NSB-089	2023-MSMT	1	DR23K	placeholder
KGMU-NSB-087	2023-MSMT	1	DR23K	placeholder
KGMU-NSB-086	2023-MSMT	1	DR23K	placeholder
KGMU-NSB-084	2023-MSMT	1	DR23K	placeholder
KGMU-NSB-083	2023-MSMT	1	DR23K	placeholder
KGMU-NSB-082	2023-MSMT	1	DR23K	placeholder
KGMU-NSB-081	2023-MSMT	1	DR23K	placeholder
KGMU-NSB-080	2023-MSMT	1	DR23K	placeholder
KGMU-NSB-079	2023-MSMT	1	DR23K	placeholder
KGMU-NSB-078	2023-MSMT	1	DR23K	placeholder
KGMU-NSB-077	2023-MSMT	1	DR23K	placeholder
KGMU-NSB-075	2023-MSMT	1	DR23K	placeholder
KGMU-NSB-074	2023-MSMT	1	DR23K	placeholder
KGMU-NSB-073	2023-MSMT	1	DR23K	placeholder
KGMU-NSB-070	2023-MSMT	1	DR23K	placeholder
KGMU-NSB-069	2023-MSMT	1	DR23K	placeholder
KGMU-NSB-068	2023-MSMT	1	DR23K	placeholder
KGMU-NSB-066	2023-MSMT	1	DR23K	placeholder
KGMU-NSB-064	2023-MSMT	1	DR23K	placeholder
KGMU-NSB-063	2023-MSMT	1	DR23K	placeholder
KGMU-NSB-062	2023-MSMT	1	DR23K	placeholder
KGMU-NSB-061	2023-MSMT	1	DR23K	placeholder
KGMU-NSB-060	2023-MSMT	1	DR23K	placeholder
KGMU-NSB-051	2023-MSMT	1	DR23K	placeholder
KGMU-NSB-050	2023-MSMT	1	DR23K	placeholder
KGMU-NSB-049	2023-MSMT	1	DR23K	placeholder
KGMU-NSB-048	2023-MSMT	1	DR23K	placeholder
KGMU-NSB-047	2023-MSMT	1	DR23K	placeholder
KGMU-NSB-046	2023-MSMT	1	DR23K	placeholder
KGMU-NSB-045	2023-MSMT	1	DR23K	placeholder
KGMU-NSB-043	2023-MSMT	1	DR23K	placeholder
KGMU-NSB-042	2023-MSMT	1	DR23K	placeholder
KGMU-NSB-041	2023-MSMT	1	DR23K	placeholder
KGMU-NSB-039	2023-MSMT	1	DR23K	placeholder
KGMU-NSB-038	2023-MSMT	1	DR23K	placeholder
KGMU-NSB-037	2023-MSMT	1	DR23K	placeholder
KGMU-NSB-036	2023-MSMT	1	DR23K	placeholder
KGMU-NSB-035	2023-MSMT	1	DR23K	placeholder
KGMU-NSB-034	2023-MSMT	1	DR23K	placeholder
KGMU-NSB-029	2023-MSMT	1	DR23K	placeholder
KGMU-NSB-028	2023-MSMT	1	DR23K	placeholder
KGMU-NSB-027	2023-MSMT	1	DR23K	placeholder
KGMU-NSB-026	2023-MSMT	1	DR23K	placeholder
KGMU-NSB-025	2023-MSMT	1	DR23K	placeholder
KGMU-NSB-024	2023-MSMT	1	DR23K	placeholder
KGMU-NSB-023	2023-MSMT	1	DR23K	placeholder
KGMU-NSB-014	2023-MSMT	1	DR23K	placeholder
KGMU-NSB-009	2023-MSMT	1	DR23K	placeholder
KGMU-NSB-004	2023-MSMT	1	DR23K	placeholder
KGMU-NSB-003	2023-MSMT	1	DR23K	placeholder
KGMU-NSB-002	2023-MSMT	1	DR23K	placeholder
KGMU-NSB-001	2023-MSMT	1	DR23K	placeholder
KGMI-KYK-242	2023-MSMT	1	DR23K	placeholder
KGMI-KYK-240	2023-MSMT	1	DR23K	placeholder
KGMI-KYK-239	2023-MSMT	1	DR23K	placeholder
KGMI-KYK-235	2023-MSMT	1	DR23K	placeholder
KGMI-KYK-234	2023-MSMT	1	DR23K	placeholder
KGMI-KYK-233	2023-MSMT	1	DR23K	placeholder
KGMI-KYK-232	2023-MSMT	1	DR23K	placeholder
KGMI-KYK-231	2023-MSMT	1	DR23K	placeholder
KGMI-KYK-230	2023-MSMT	1	DR23K	placeholder
KGMI-KYK-229	2023-MSMT	1	DR23K	placeholder
KGMI-KYK-226	2023-MSMT	1	DR23K	placeholder
KGMI-KYK-220	2023-MSMT	1	DR23K	placeholder
KGMI-KYK-218	2023-MSMT	1	DR23K	placeholder
KGMI-KYK-217	2023-MSMT	1	DR23K	placeholder
KGMI-KYK-215	2023-MSMT	1	DR23K	placeholder
KGMI-KYK-214	2023-MSMT	1	DR23K	placeholder
KGMI-KYK-213	2023-MSMT	1	DR23K	placeholder
KGMI-KYK-212	2023-MSMT	1	DR23K	placeholder
KGMI-KYK-211	2023-MSMT	1	DR23K	placeholder
KGMI-KYK-210	2023-MSMT	1	DR23K	placeholder
KGMI-KYK-206	2023-MSMT	1	DR23K	placeholder
KGMI-KYK-205	2023-MSMT	1	DR23K	placeholder
KGMI-KYK-204	2023-MSMT	1	DR23K	placeholder
KGMI-KYK-202	2023-MSMT	1	DR23K	placeholder
KGMI-KYK-200	2023-MSMT	1	DR23K	placeholder
KGMI-KYK-198	2023-MSMT	1	DR23K	placeholder
KGMI-KYK-196	2023-MSMT	1	DR23K	placeholder
KGMI-KYK-195	2023-MSMT	1	DR23K	placeholder
KGMI-KYK-194	2023-MSMT	1	DR23K	placeholder
KGMI-KYK-193	2023-MSMT	1	DR23K	placeholder
KGMI-KYK-192	2023-MSMT	1	DR23K	placeholder
KGMI-KYK-191	2023-MSMT	1	DR23K	placeholder
KGMI-KYK-190	2023-MSMT	1	DR23K	placeholder
KGMI-KYK-188	2023-MSMT	1	DR23K	placeholder
KGMI-KYK-186	2023-MSMT	1	DR23K	placeholder
KGMI-KYK-185	2023-MSMT	1	DR23K	placeholder
KGMI-KYK-184	2023-MSMT	1	DR23K	placeholder
KGMI-KYK-175	2023-MSMT	1	DR23K	placeholder
KGMI-KYK-172	2023-MSMT	1	DR23K	placeholder
KGMI-KYK-171	2023-MSMT	1	DR23K	placeholder
KGMI-KYK-170	2023-MSMT	1	DR23K	placeholder
KGMI-KYK-169	2023-MSMT	1	DR23K	placeholder
KGMI-KYK-168	2023-MSMT	1	DR23K	placeholder
KGMI-KYK-162	2023-MSMT	1	DR23K	placeholder
KGMI-KYK-161	2023-MSMT	1	DR23K	placeholder
KGMI-KYK-160	2023-MSMT	1	DR23K	placeholder
KGMI-KYK-155	2023-MSMT	1	DR23K	placeholder
KGMI-KYK-154	2023-MSMT	1	DR23K	placeholder
KGMI-KYK-153	2023-MSMT	1	DR23K	placeholder
KGMI-KYK-152	2023-MSMT	1	DR23K	placeholder
KGMI-KYK-145	2023-MSMT	1	DR23K	placeholder
KGMI-KYK-144	2023-MSMT	1	DR23K	placeholder
KGMI-KYK-143	2023-MSMT	1	DR23K	placeholder
KGMI-KYK-141	2023-MSMT	1	DR23K	placeholder
KGMI-KYK-138	2023-MSMT	1	DR23K	placeholder
KGMI-KYK-134	2023-MSMT	1	DR23K	placeholder
KGMI-KYK-133	2023-MSMT	1	DR23K	placeholder
KGMI-KYK-131	2023-MSMT	1	DR23K	placeholder
KGMI-KYK-130	2023-MSMT	1	DR23K	placeholder
KGMI-KYK-129	2023-MSMT	1	DR23K	placeholder
KGMI-KYK-128	2023-MSMT	1	DR23K	placeholder
KGMI-KYK-127	2023-MSMT	1	DR23K	placeholder
KGMI-KYK-123	2023-MSMT	1	DR23K	placeholder
KGMI-KYK-121	2023-MSMT	1	DR23K	placeholder
KGMI-KYK-119	2023-MSMT	1	DR23K	placeholder
KGMI-KYK-117	2023-MSMT	1	DR23K	placeholder
KGMI-KYK-115	2023-MSMT	1	DR23K	placeholder
KGMI-KYK-113	2023-MSMT	1	DR23K	placeholder
KGMI-KYK-112	2023-MSMT	1	DR23K	placeholder
KGMI-KYK-111	2023-MSMT	1	DR23K	placeholder
KGMI-KYK-110	2023-MSMT	1	DR23K	placeholder
KGMI-KYK-108	2023-MSMT	1	DR23K	placeholder
KGMI-KYK-107	2023-MSMT	1	DR23K	placeholder
KGMI-KYK-104	2023-MSMT	1	DR23K	placeholder
KGMI-KYK-102	2023-MSMT	1	DR23K	placeholder
KGMI-KYK-101	2023-MSMT	1	DR23K	placeholder
KGMI-KYK-100	2023-MSMT	1	DR23K	placeholder
KGMI-KYK-099	2023-MSMT	1	DR23K	placeholder
KGMI-KYK-098	2023-MSMT	1	DR23K	placeholder
KGMI-KYK-095	2023-MSMT	1	DR23K	placeholder
KGMI-KYK-094	2023-MSMT	1	DR23K	placeholder
KGMI-KYK-093	2023-MSMT	1	DR23K	placeholder
KGMI-KYK-083	2023-MSMT	1	DR23K	placeholder
KGMI-KYK-082	2023-MSMT	1	DR23K	placeholder
KGMI-KYK-080	2023-MSMT	1	DR23K	placeholder
KGMI-KYK-079	2023-MSMT	1	DR23K	placeholder
KGMI-KYK-074	2023-MSMT	1	DR23K	placeholder
KGMI-KYK-073	2023-MSMT	1	DR23K	placeholder
KGMI-KYK-072	2023-MSMT	1	DR23K	placeholder
KGMI-KYK-071	2023-MSMT	1	DR23K	placeholder
KGMI-KYK-067	2023-MSMT	1	DR23K	placeholder
KGMI-KYK-061	2023-MSMT	1	DR23K	placeholder
KGMI-KYK-058	2023-MSMT	1	DR23K	placeholder
KGMI-KYK-057	2023-MSMT	1	DR23K	placeholder
KGMI-KYK-056	2023-MSMT	1	DR23K	placeholder
KGMI-KYK-054	2023-MSMT	1	DR23K	placeholder
KGMI-KYK-053	2023-MSMT	1	DR23K	placeholder
KGMI-KYK-052	2023-MSMT	1	DR23K	placeholder
KGMI-KYK-051	2023-MSMT	1	DR23K	placeholder
KGMI-KYK-049	2023-MSMT	1	DR23K	placeholder
KGMI-KYK-046	2023-MSMT	1	DR23K	placeholder
KGMI-KYK-045	2023-MSMT	1	DR23K	placeholder
KGMI-KYK-043	2023-MSMT	1	DR23K	placeholder
KGMI-KYK-041	2023-MSMT	1	DR23K	placeholder
KGMI-KYK-035	2023-MSMT	1	DR23K	placeholder
KGMI-KYK-031	2023-MSMT	1	DR23K	placeholder
KGMI-KYK-026	2023-MSMT	1	DR23K	placeholder
KGMI-KYK-025	2023-MSMT	1	DR23K	placeholder
KGMI-KYK-021	2023-MSMT	1	DR23K	placeholder
KGMI-KYK-020	2023-MSMT	1	DR23K	placeholder
KGMI-KYK-019	2023-MSMT	1	DR23K	placeholder
KGMI-KYK-010	2023-MSMT	1	DR23K	placeholder
KGMI-KYK-007	2023-MSMT	1	DR23K	placeholder
KGMI-KYK-006	2023-MSMT	1	DR23K	placeholder
KGMI-KYK-004	2023-MSMT	1	DR23K	placeholder
KGMI-KYK-002	2023-MSMT	1	DR23K	placeholder
KGKY-RWB-295	2023-MSMT	1	DR23K	placeholder
KGKY-RWB-294	2023-MSMT	1	DR23K	placeholder
KGKY-RWB-293	2023-MSMT	1	DR23K	placeholder
KGKY-RWB-292	2023-MSMT	1	DR23K	placeholder
KGKY-RWB-291	2023-MSMT	1	DR23K	placeholder
KGKY-RWB-290	2023-MSMT	1	DR23K	placeholder
KGKY-RWB-287	2023-MSMT	1	DR23K	placeholder
KGKY-RWB-286	2023-MSMT	1	DR23K	placeholder
KGKY-RWB-285	2023-MSMT	1	DR23K	placeholder
KGKY-RWB-284	2023-MSMT	1	DR23K	placeholder
KGKY-RWB-269	2023-MSMT	1	DR23K	placeholder
KGKY-RWB-268	2023-MSMT	1	DR23K	placeholder
KGKY-RWB-267	2023-MSMT	1	DR23K	placeholder
KGKY-RWB-265	2023-MSMT	1	DR23K	placeholder
KGKY-RWB-264	2023-MSMT	1	DR23K	placeholder
KGKY-RWB-263	2023-MSMT	1	DR23K	placeholder
KGKY-RWB-262	2023-MSMT	1	DR23K	placeholder
KGKY-RWB-261	2023-MSMT	1	DR23K	placeholder
KGKY-RWB-260	2023-MSMT	1	DR23K	placeholder
KGKY-RWB-259	2023-MSMT	1	DR23K	placeholder
KGKY-RWB-258	2023-MSMT	1	DR23K	placeholder
KGKY-RWB-257	2023-MSMT	1	DR23K	placeholder
KGKY-RWB-252	2023-MSMT	1	DR23K	placeholder
KGKY-RWB-250	2023-MSMT	1	DR23K	placeholder
KGKY-RWB-248	2023-MSMT	1	DR23K	placeholder
KGKY-RWB-247	2023-MSMT	1	DR23K	placeholder
KGKY-RWB-246	2023-MSMT	1	DR23K	placeholder
KGKY-RWB-148	2023-MSMT	1	DR23K	placeholder
KGKY-RWB-129	2023-MSMT	1	DR23K	placeholder
KGKY-RWB-128	2023-MSMT	1	DR23K	placeholder
KGKY-RWB-123	2023-MSMT	1	DR23K	placeholder
KGKY-RWB-122	2023-MSMT	1	DR23K	placeholder
KGKY-RWB-118	2023-MSMT	1	DR23K	placeholder
KGKY-RWB-117	2023-MSMT	1	DR23K	placeholder
KGKY-RWB-115	2023-MSMT	1	DR23K	placeholder
KGKY-RWB-109	2023-MSMT	1	DR23K	placeholder
KGKY-RWB-105	2023-MSMT	1	DR23K	placeholder
KGKY-RWB-104	2023-MSMT	1	DR23K	placeholder
KGKY-RWB-103	2023-MSMT	1	DR23K	placeholder
KGKY-RWB-102	2023-MSMT	1	DR23K	placeholder
KGKY-RWB-101	2023-MSMT	1	DR23K	placeholder
KGKY-RWB-098	2023-MSMT	1	DR23K	placeholder
KGKY-RWB-092	2023-MSMT	1	DR23K	placeholder
KGKY-RWB-082	2023-MSMT	1	DR23K	placeholder
KGKY-RWB-080	2023-MSMT	1	DR23K	placeholder
KGKY-RWB-077	2023-MSMT	1	DR23K	placeholder
KGKY-RWB-075	2023-MSMT	1	DR23K	placeholder
KGKY-RWB-074	2023-MSMT	1	DR23K	placeholder
KGKY-RWB-068	2023-MSMT	1	DR23K	placeholder
KGKY-RWB-063	2023-MSMT	1	DR23K	placeholder
KGKY-RWB-059	2023-MSMT	1	DR23K	placeholder
KGKY-RWB-058	2023-MSMT	1	DR23K	placeholder
KGKY-RWB-055	2023-MSMT	1	DR23K	placeholder
KGKY-RWB-049	2023-MSMT	1	DR23K	placeholder
KGKY-RWB-044	2023-MSMT	1	DR23K	placeholder
KGKY-RWB-041	2023-MSMT	1	DR23K	placeholder
KGKY-RWB-036	2023-MSMT	1	DR23K	placeholder
KGKY-RWB-035	2023-MSMT	1	DR23K	placeholder
KGKY-RWB-033	2023-MSMT	1	DR23K	placeholder
KGKY-RWB-032	2023-MSMT	1	DR23K	placeholder
KGKY-RWB-029	2023-MSMT	1	DR23K	placeholder
KGKY-RWB-028	2023-MSMT	1	DR23K	placeholder
KGKY-RWB-027	2023-MSMT	1	DR23K	placeholder
KGKY-RWB-026	2023-MSMT	1	DR23K	placeholder
KGKY-RWB-023	2023-MSMT	1	DR23K	placeholder
KGKY-RWB-020	2023-MSMT	1	DR23K	placeholder
KGKY-RWB-015	2023-MSMT	1	DR23K	placeholder
KGKY-RWB-014	2023-MSMT	1	DR23K	placeholder
KGKY-RWB-244	2023-MSMT	1	DR23K	placeholder
KGKY-RWB-243	2023-MSMT	1	DR23K	placeholder
KGKY-RWB-242	2023-MSMT	1	DR23K	placeholder
KGKY-RWB-241	2023-MSMT	1	DR23K	placeholder
KGKY-RWB-240	2023-MSMT	1	DR23K	placeholder
KGKY-RWB-239	2023-MSMT	1	DR23K	placeholder
KGKY-RWB-238	2023-MSMT	1	DR23K	placeholder
KGKY-RWB-237	2023-MSMT	1	DR23K	placeholder
KGKY-RWB-236	2023-MSMT	1	DR23K	placeholder
KGKY-RWB-235	2023-MSMT	1	DR23K	placeholder
KGKY-RWB-233	2023-MSMT	1	DR23K	placeholder
KGKY-RWB-232	2023-MSMT	1	DR23K	placeholder
KGKY-RWB-231	2023-MSMT	1	DR23K	placeholder
KGKY-RWB-228	2023-MSMT	1	DR23K	placeholder
KGKY-RWB-227	2023-MSMT	1	DR23K	placeholder
KGKY-RWB-226	2023-MSMT	1	DR23K	placeholder
KGKY-RWB-225	2023-MSMT	1	DR23K	placeholder
KGKY-RWB-224	2023-MSMT	1	DR23K	placeholder
KGKY-RWB-223	2023-MSMT	1	DR23K	placeholder
KGKY-RWB-222	2023-MSMT	1	DR23K	placeholder
KGKY-RWB-220	2023-MSMT	1	DR23K	placeholder
KGKY-RWB-218	2023-MSMT	1	DR23K	placeholder
KGKY-RWB-217	2023-MSMT	1	DR23K	placeholder
KGKY-RWB-213	2023-MSMT	1	DR23K	placeholder
KGKY-RWB-212	2023-MSMT	1	DR23K	placeholder
KGKY-RWB-211	2023-MSMT	1	DR23K	placeholder
KGKY-RWB-203	2023-MSMT	1	DR23K	placeholder
KGKY-RWB-195	2023-MSMT	1	DR23K	placeholder
KGKY-RWB-194	2023-MSMT	1	DR23K	placeholder
KGKY-RWB-189	2023-MSMT	1	DR23K	placeholder
KGKY-RWB-186	2023-MSMT	1	DR23K	placeholder
KGKY-RWB-183	2023-MSMT	1	DR23K	placeholder
KGKY-RWB-179	2023-MSMT	1	DR23K	placeholder
KGKY-RWB-178	2023-MSMT	1	DR23K	placeholder
KGKY-RWB-168	2023-MSMT	1	DR23K	placeholder
KGKY-RWB-162	2023-MSMT	1	DR23K	placeholder
KGKY-RWB-149	2023-MSMT	1	DR23K	placeholder
KGKY-RWB-146	2023-MSMT	1	DR23K	placeholder
KGKY-RWB-087	2023-MSMT	1	DR23K	placeholder
KGKY-RWB-076	2023-MSMT	1	DR23K	placeholder
KGKY-RWB-012	2023-MSMT	1	DR23K	placeholder
KGKY-RUG-120	2023-MSMT	1	DR23K	placeholder
KGKY-RUG-141	2023-MSMT	1	DR23K	placeholder
KGKY-RUG-140	2023-MSMT	1	DR23K	placeholder
KGKY-RUG-139	2023-MSMT	1	DR23K	placeholder
KGKY-RUG-138	2023-MSMT	1	DR23K	placeholder
KGKY-RUG-137	2023-MSMT	1	DR23K	placeholder
KGKY-RUG-136	2023-MSMT	1	DR23K	placeholder
KGKY-RUG-135	2023-MSMT	1	DR23K	placeholder
KGKY-RUG-134	2023-MSMT	1	DR23K	placeholder
KGKY-RUG-133	2023-MSMT	1	DR23K	placeholder
KGKY-RUG-132	2023-MSMT	1	DR23K	placeholder
KGKY-RUG-131	2023-MSMT	1	DR23K	placeholder
KGKY-RUG-130	2023-MSMT	1	DR23K	placeholder
KGKY-RUG-129	2023-MSMT	1	DR23K	placeholder
KGKY-RUG-128	2023-MSMT	1	DR23K	placeholder
KGKY-RUG-127	2023-MSMT	1	DR23K	placeholder
KGKY-RUG-125	2023-MSMT	1	DR23K	placeholder
KGKY-RUG-124	2023-MSMT	1	DR23K	placeholder
KGKY-RUG-123	2023-MSMT	1	DR23K	placeholder
KGKY-RUG-122	2023-MSMT	1	DR23K	placeholder
KGKY-RUG-121	2023-MSMT	1	DR23K	placeholder
KGKY-RUG-119	2023-MSMT	1	DR23K	placeholder
KGKY-RUG-118	2023-MSMT	1	DR23K	placeholder
KGKY-RUG-117	2023-MSMT	1	DR23K	placeholder
KGKY-RUG-116	2023-MSMT	1	DR23K	placeholder
KGKY-RUG-115	2023-MSMT	1	DR23K	placeholder
KGKY-RUG-114	2023-MSMT	1	DR23K	placeholder
KGKY-RUG-113	2023-MSMT	1	DR23K	placeholder
KGKY-RUG-112	2023-MSMT	1	DR23K	placeholder
KGKY-RUG-111	2023-MSMT	1	DR23K	placeholder
KGKY-RUG-109	2023-MSMT	1	DR23K	placeholder
KGKY-RUG-107	2023-MSMT	1	DR23K	placeholder
KGKY-RUG-106	2023-MSMT	1	DR23K	placeholder
KGKY-RUG-104	2023-MSMT	1	DR23K	placeholder
KGKY-RUG-103	2023-MSMT	1	DR23K	placeholder
KGKY-RUG-102	2023-MSMT	1	DR23K	placeholder
KGKY-RUG-101	2023-MSMT	1	DR23K	placeholder
KGKY-RUG-100	2023-MSMT	1	DR23K	placeholder
KGKY-RUG-099	2023-MSMT	1	DR23K	placeholder
KGKY-RUG-098	2023-MSMT	1	DR23K	placeholder
KGKY-RUG-097	2023-MSMT	1	DR23K	placeholder
KGKY-RUG-096	2023-MSMT	1	DR23K	placeholder
KGKY-RUG-095	2023-MSMT	1	DR23K	placeholder
KGKY-RUG-094	2023-MSMT	1	DR23K	placeholder
KGKY-RUG-092	2023-MSMT	1	DR23K	placeholder
KGKY-RUG-091	2023-MSMT	1	DR23K	placeholder
KGKY-RUG-089	2023-MSMT	1	DR23K	placeholder
KGKY-RUG-088	2023-MSMT	1	DR23K	placeholder
KGKY-RUG-085	2023-MSMT	1	DR23K	placeholder
KGKY-RUG-084	2023-MSMT	1	DR23K	placeholder
KGKY-RUG-083	2023-MSMT	1	DR23K	placeholder
KGKY-RUG-081	2023-MSMT	1	DR23K	placeholder
KGKY-RUG-080	2023-MSMT	1	DR23K	placeholder
KGKY-RUG-079	2023-MSMT	1	DR23K	placeholder
KGKY-RUG-078	2023-MSMT	1	DR23K	placeholder
KGKY-RUG-076	2023-MSMT	1	DR23K	placeholder
KGKY-RUG-073	2023-MSMT	1	DR23K	placeholder
KGKY-RUG-072	2023-MSMT	1	DR23K	placeholder
KGKY-RUG-071	2023-MSMT	1	DR23K	placeholder
KGKY-RUG-068	2023-MSMT	1	DR23K	placeholder
KGKY-RUG-067	2023-MSMT	1	DR23K	placeholder
KGKY-RUG-066	2023-MSMT	1	DR23K	placeholder
KGKY-RUG-063	2023-MSMT	1	DR23K	placeholder
KGKY-RUG-062	2023-MSMT	1	DR23K	placeholder
KGKY-RUG-061	2023-MSMT	1	DR23K	placeholder
KGKY-RUG-060	2023-MSMT	1	DR23K	placeholder
KGKY-RUG-059	2023-MSMT	1	DR23K	placeholder
KGKY-RUG-055	2023-MSMT	1	DR23K	placeholder
KGKY-RUG-054	2023-MSMT	1	DR23K	placeholder
KGKY-RUG-053	2023-MSMT	1	DR23K	placeholder
KGKY-RUG-052	2023-MSMT	1	DR23K	placeholder
KGKY-RUG-051	2023-MSMT	1	DR23K	placeholder
KGKY-RUG-050	2023-MSMT	1	DR23K	placeholder
KGKY-RUG-049	2023-MSMT	1	DR23K	placeholder
KGKY-RUG-048	2023-MSMT	1	DR23K	placeholder
KGKY-RUG-047	2023-MSMT	1	DR23K	placeholder
KGKY-RUG-046	2023-MSMT	1	DR23K	placeholder
KGKY-RUG-045	2023-MSMT	1	DR23K	placeholder
KGKY-RUG-044	2023-MSMT	1	DR23K	placeholder
KGKY-RUG-040	2023-MSMT	1	DR23K	placeholder
KGKY-RUG-037	2023-MSMT	1	DR23K	placeholder
KGKY-RUG-036	2023-MSMT	1	DR23K	placeholder
KGKY-RUG-035	2023-MSMT	1	DR23K	placeholder
KGKY-RUG-034	2023-MSMT	1	DR23K	placeholder
KGKY-RUG-033	2023-MSMT	1	DR23K	placeholder
KGKY-RUG-032	2023-MSMT	1	DR23K	placeholder
KGKY-RUG-031	2023-MSMT	1	DR23K	placeholder
KGKY-RUG-029	2023-MSMT	1	DR23K	placeholder
KGKY-RUG-028	2023-MSMT	1	DR23K	placeholder
KGKY-RUG-027	2023-MSMT	1	DR23K	placeholder
KGKY-RUG-026	2023-MSMT	1	DR23K	placeholder
KGKY-RUG-025	2023-MSMT	1	DR23K	placeholder
KGKY-RUG-024	2023-MSMT	1	DR23K	placeholder
KGKY-RUG-023	2023-MSMT	1	DR23K	placeholder
KGKY-RUG-021	2023-MSMT	1	DR23K	placeholder
KGKY-RUG-019	2023-MSMT	1	DR23K	placeholder
KGKY-RUG-018	2023-MSMT	1	DR23K	placeholder
KGKY-RUG-017	2023-MSMT	1	DR23K	placeholder
KGKY-RUG-016	2023-MSMT	1	DR23K	placeholder
KGKY-RUG-015	2023-MSMT	1	DR23K	placeholder
KGKY-RUG-014	2023-MSMT	1	DR23K	placeholder
KGKY-RUG-011	2023-MSMT	1	DR23K	placeholder
KGKY-RUG-009	2023-MSMT	1	DR23K	placeholder
KGKY-RUG-008	2023-MSMT	1	DR23K	placeholder
KGKY-RUG-007	2023-MSMT	1	DR23K	placeholder
KGKY-RUG-006	2023-MSMT	1	DR23K	placeholder
KGKY-RUG-005	2023-MSMT	1	DR23K	placeholder
KGKY-RUG-004	2023-MSMT	1	DR23K	placeholder
KGKY-RUG-003	2023-MSMT	1	DR23K	placeholder
KGKY-RUG-001	2023-MSMT	1	DR23K	placeholder
KGKA-BKG-241	2023-MSMT	1	DR23K	placeholder
KGKA-BKG-240	2023-MSMT	1	DR23K	placeholder
KGKA-BKG-239	2023-MSMT	1	DR23K	placeholder
KGKA-BKG-238	2023-MSMT	1	DR23K	placeholder
KGKA-BKG-237	2023-MSMT	1	DR23K	placeholder
KGKA-BKG-236	2023-MSMT	1	DR23K	placeholder
KGKA-BKG-235	2023-MSMT	1	DR23K	placeholder
KGKA-BKG-234	2023-MSMT	1	DR23K	placeholder
KGKA-BKG-233	2023-MSMT	1	DR23K	placeholder
KGKA-BKG-232	2023-MSMT	1	DR23K	placeholder
KGKA-BKG-231	2023-MSMT	1	DR23K	placeholder
KGKA-BKG-230	2023-MSMT	1	DR23K	placeholder
KGKA-BKG-229	2023-MSMT	1	DR23K	placeholder
KGKA-BKG-228	2023-MSMT	1	DR23K	placeholder
KGKA-BKG-227	2023-MSMT	1	DR23K	placeholder
KGKA-BKG-224	2023-MSMT	1	DR23K	placeholder
KGKA-BKG-223	2023-MSMT	1	DR23K	placeholder
KGKA-BKG-221	2023-MSMT	1	DR23K	placeholder
KGKA-BKG-219	2023-MSMT	1	DR23K	placeholder
KGKA-BKG-218	2023-MSMT	1	DR23K	placeholder
KGKA-BKG-217	2023-MSMT	1	DR23K	placeholder
KGKA-BKG-214	2023-MSMT	1	DR23K	placeholder
KGKA-BKG-213	2023-MSMT	1	DR23K	placeholder
KGKA-BKG-212	2023-MSMT	1	DR23K	placeholder
KGKA-BKG-211	2023-MSMT	1	DR23K	placeholder
KGKA-BKG-210	2023-MSMT	1	DR23K	placeholder
KGKA-BKG-209	2023-MSMT	1	DR23K	placeholder
KGKA-BKG-207	2023-MSMT	1	DR23K	placeholder
KGKA-BKG-206	2023-MSMT	1	DR23K	placeholder
KGKA-BKG-203	2023-MSMT	1	DR23K	placeholder
KGKA-BKG-202	2023-MSMT	1	DR23K	placeholder
KGKA-BKG-200	2023-MSMT	1	DR23K	placeholder
KGKA-BKG-199	2023-MSMT	1	DR23K	placeholder
KGKA-BKG-197	2023-MSMT	1	DR23K	placeholder
KGKA-BKG-196	2023-MSMT	1	DR23K	placeholder
KGKA-BKG-195	2023-MSMT	1	DR23K	placeholder
KGKA-BKG-188	2023-MSMT	1	DR23K	placeholder
KGKA-BKG-187	2023-MSMT	1	DR23K	placeholder
KGKA-BKG-186	2023-MSMT	1	DR23K	placeholder
KGKA-BKG-185	2023-MSMT	1	DR23K	placeholder
KGKA-BKG-184	2023-MSMT	1	DR23K	placeholder
KGKA-BKG-183	2023-MSMT	1	DR23K	placeholder
KGKA-BKG-180	2023-MSMT	1	DR23K	placeholder
KGKA-BKG-179	2023-MSMT	1	DR23K	placeholder
KGKA-BKG-177	2023-MSMT	1	DR23K	placeholder
KGKA-BKG-176	2023-MSMT	1	DR23K	placeholder
KGKA-BKG-175	2023-MSMT	1	DR23K	placeholder
KGKA-BKG-174	2023-MSMT	1	DR23K	placeholder
KGKA-BKG-165	2023-MSMT	1	DR23K	placeholder
KGKA-BKG-164	2023-MSMT	1	DR23K	placeholder
KGKA-BKG-163	2023-MSMT	1	DR23K	placeholder
KGKA-BKG-161	2023-MSMT	1	DR23K	placeholder
KGKA-BKG-160	2023-MSMT	1	DR23K	placeholder
KGKA-BKG-157	2023-MSMT	1	DR23K	placeholder
KGKA-BKG-149	2023-MSMT	1	DR23K	placeholder
KGKA-BKG-147	2023-MSMT	1	DR23K	placeholder
KGKA-BKG-146	2023-MSMT	1	DR23K	placeholder
KGKA-BKG-145	2023-MSMT	1	DR23K	placeholder
KGKA-BKG-144	2023-MSMT	1	DR23K	placeholder
KGKA-BKG-143	2023-MSMT	1	DR23K	placeholder
KGKA-BKG-142	2023-MSMT	1	DR23K	placeholder
KGKA-BKG-141	2023-MSMT	1	DR23K	placeholder
KGKA-BKG-140	2023-MSMT	1	DR23K	placeholder
KGKA-BKG-139	2023-MSMT	1	DR23K	placeholder
KGKA-BKG-138	2023-MSMT	1	DR23K	placeholder
KGKA-BKG-131	2023-MSMT	1	DR23K	placeholder
KGKA-BKG-125	2023-MSMT	1	DR23K	placeholder
KGKA-BKG-124	2023-MSMT	1	DR23K	placeholder
KGKA-BKG-123	2023-MSMT	1	DR23K	placeholder
KGKA-BKG-122	2023-MSMT	1	DR23K	placeholder
KGKA-BKG-120	2023-MSMT	1	DR23K	placeholder
KGKA-BKG-119	2023-MSMT	1	DR23K	placeholder
KGKA-BKG-118	2023-MSMT	1	DR23K	placeholder
KGKA-BKG-110	2023-MSMT	1	DR23K	placeholder
KGKA-BKG-109	2023-MSMT	1	DR23K	placeholder
KGKA-BKG-107	2023-MSMT	1	DR23K	placeholder
KGKA-BKG-105	2023-MSMT	1	DR23K	placeholder
KGKA-BKG-099	2023-MSMT	1	DR23K	placeholder
KGKA-BKG-098	2023-MSMT	1	DR23K	placeholder
KGKA-BKG-097	2023-MSMT	1	DR23K	placeholder
KGKA-BKG-096	2023-MSMT	1	DR23K	placeholder
KGKA-BKG-091	2023-MSMT	1	DR23K	placeholder
KGKA-BKG-090	2023-MSMT	1	DR23K	placeholder
KGKA-BKG-089	2023-MSMT	1	DR23K	placeholder
KGKA-BKG-087	2023-MSMT	1	DR23K	placeholder
KGKA-BKG-083	2023-MSMT	1	DR23K	placeholder
KGKA-BKG-082	2023-MSMT	1	DR23K	placeholder
KGKA-BKG-075	2023-MSMT	1	DR23K	placeholder
KGKA-BKG-068	2023-MSMT	1	DR23K	placeholder
KGKA-BKG-067	2023-MSMT	1	DR23K	placeholder
KGKA-BKG-066	2023-MSMT	1	DR23K	placeholder
KGKA-BKG-064	2023-MSMT	1	DR23K	placeholder
KGKA-BKG-063	2023-MSMT	1	DR23K	placeholder
KGKA-BKG-062	2023-MSMT	1	DR23K	placeholder
KGKA-BKG-061	2023-MSMT	1	DR23K	placeholder
KGKA-BKG-060	2023-MSMT	1	DR23K	placeholder
KGKA-BKG-059	2023-MSMT	1	DR23K	placeholder
KGKA-BKG-058	2023-MSMT	1	DR23K	placeholder
KGKA-BKG-056	2023-MSMT	1	DR23K	placeholder
KGKA-BKG-055	2023-MSMT	1	DR23K	placeholder
KGKA-BKG-046	2023-MSMT	1	DR23K	placeholder
KGKA-BKG-045	2023-MSMT	1	DR23K	placeholder
KGKA-BKG-044	2023-MSMT	1	DR23K	placeholder
KGKA-BKG-042	2023-MSMT	1	DR23K	placeholder
KGKA-BKG-040	2023-MSMT	1	DR23K	placeholder
KGKA-BKG-034	2023-MSMT	1	DR23K	placeholder
KGKA-BKG-033	2023-MSMT	1	DR23K	placeholder
KGKA-BKG-032	2023-MSMT	1	DR23K	placeholder
KGKA-BKG-028	2023-MSMT	1	DR23K	placeholder
KGKA-BKG-026	2023-MSMT	1	DR23K	placeholder
KGKA-BKG-023	2023-MSMT	1	DR23K	placeholder
KGKA-BKG-020	2023-MSMT	1	DR23K	placeholder
KGKA-BKG-018	2023-MSMT	1	DR23K	placeholder
KGKA-BKG-017	2023-MSMT	1	DR23K	placeholder
KGKA-BKG-016	2023-MSMT	1	DR23K	placeholder
KGKA-BKG-013	2023-MSMT	1	DR23K	placeholder
KGKA-BKG-006	2023-MSMT	1	DR23K	placeholder
KGKA-BKG-001	2023-MSMT	1	DR23K	placeholder
KGBR-BUT-316	2023-MSMT	1	DR23K	placeholder
KGBR-BUT-315	2023-MSMT	1	DR23K	placeholder
KGBR-BUT-314	2023-MSMT	1	DR23K	placeholder
KGBR-BUT-313	2023-MSMT	1	DR23K	placeholder
KGBR-BUT-312	2023-MSMT	1	DR23K	placeholder
KGBR-BUT-311	2023-MSMT	1	DR23K	placeholder
KGBR-BUT-310	2023-MSMT	1	DR23K	placeholder
KGBR-BUT-309	2023-MSMT	1	DR23K	placeholder
KGBR-BUT-307	2023-MSMT	1	DR23K	placeholder
KGBR-BUT-306	2023-MSMT	1	DR23K	placeholder
KGBR-BUT-305	2023-MSMT	1	DR23K	placeholder
KGBR-BUT-304	2023-MSMT	1	DR23K	placeholder
KGBR-BUT-303	2023-MSMT	1	DR23K	placeholder
KGBR-BUT-301	2023-MSMT	1	DR23K	placeholder
KGBR-BUT-300	2023-MSMT	1	DR23K	placeholder
KGBR-BUT-298	2023-MSMT	1	DR23K	placeholder
KGBR-BUT-297	2023-MSMT	1	DR23K	placeholder
KGBR-BUT-296	2023-MSMT	1	DR23K	placeholder
KGBR-BUT-295	2023-MSMT	1	DR23K	placeholder
KGBR-BUT-294	2023-MSMT	1	DR23K	placeholder
KGBR-BUT-293	2023-MSMT	1	DR23K	placeholder
KGBR-BUT-292	2023-MSMT	1	DR23K	placeholder
KGBR-BUT-290	2023-MSMT	1	DR23K	placeholder
KGBR-BUT-289	2023-MSMT	1	DR23K	placeholder
KGBR-BUT-288	2023-MSMT	1	DR23K	placeholder
KGBR-BUT-287	2023-MSMT	1	DR23K	placeholder
KGBR-BUT-286	2023-MSMT	1	DR23K	placeholder
KGBR-BUT-285	2023-MSMT	1	DR23K	placeholder
KGBR-BUT-283	2023-MSMT	1	DR23K	placeholder
KGBR-BUT-282	2023-MSMT	1	DR23K	placeholder
KGBR-BUT-281	2023-MSMT	1	DR23K	placeholder
KGBR-BUT-279	2023-MSMT	1	DR23K	placeholder
KGBR-BUT-278	2023-MSMT	1	DR23K	placeholder
KGBR-BUT-277	2023-MSMT	1	DR23K	placeholder
KGBR-BUT-276	2023-MSMT	1	DR23K	placeholder
KGBR-BUT-275	2023-MSMT	1	DR23K	placeholder
KGBR-BUT-274	2023-MSMT	1	DR23K	placeholder
KGBR-BUT-273	2023-MSMT	1	DR23K	placeholder
KGBR-BUT-272	2023-MSMT	1	DR23K	placeholder
KGBR-BUT-271	2023-MSMT	1	DR23K	placeholder
KGBR-BUT-270	2023-MSMT	1	DR23K	placeholder
KGBR-BUT-269	2023-MSMT	1	DR23K	placeholder
KGBR-BUT-268	2023-MSMT	1	DR23K	placeholder
KGBR-BUT-266	2023-MSMT	1	DR23K	placeholder
KGBR-BUT-265	2023-MSMT	1	DR23K	placeholder
KGBR-BUT-264	2023-MSMT	1	DR23K	placeholder
KGBR-BUT-262	2023-MSMT	1	DR23K	placeholder
KGBR-BUT-261	2023-MSMT	1	DR23K	placeholder
KGBR-BUT-260	2023-MSMT	1	DR23K	placeholder
KGBR-BUT-259	2023-MSMT	1	DR23K	placeholder
KGBR-BUT-258	2023-MSMT	1	DR23K	placeholder
KGBR-BUT-257	2023-MSMT	1	DR23K	placeholder
KGBR-BUT-255	2023-MSMT	1	DR23K	placeholder
KGBR-BUT-253	2023-MSMT	1	DR23K	placeholder
KGBR-BUT-252	2023-MSMT	1	DR23K	placeholder
KGBR-BUT-251	2023-MSMT	1	DR23K	placeholder
KGBR-BUT-250	2023-MSMT	1	DR23K	placeholder
KGBR-BUT-249	2023-MSMT	1	DR23K	placeholder
KGBR-BUT-248	2023-MSMT	1	DR23K	placeholder
KGBR-BUT-246	2023-MSMT	1	DR23K	placeholder
KGBR-BUT-245	2023-MSMT	1	DR23K	placeholder
KGBR-BUT-244	2023-MSMT	1	DR23K	placeholder
KGBR-BUT-243	2023-MSMT	1	DR23K	placeholder
KGBR-BUT-242	2023-MSMT	1	DR23K	placeholder
KGBR-BUT-240	2023-MSMT	1	DR23K	placeholder
KGBR-BUT-237	2023-MSMT	1	DR23K	placeholder
KGBR-BUT-236	2023-MSMT	1	DR23K	placeholder
KGBR-BUT-234	2023-MSMT	1	DR23K	placeholder
KGBR-BUT-233	2023-MSMT	1	DR23K	placeholder
KGBR-BUT-230	2023-MSMT	1	DR23K	placeholder
KGBR-BUT-229	2023-MSMT	1	DR23K	placeholder
KGBR-BUT-228	2023-MSMT	1	DR23K	placeholder
KGBR-BUT-227	2023-MSMT	1	DR23K	placeholder
KGBR-BUT-226	2023-MSMT	1	DR23K	placeholder
KGBR-BUT-224	2023-MSMT	1	DR23K	placeholder
KGBR-BUT-120	2023-MSMT	1	DR23K	placeholder
KGBR-BUT-223	2023-MSMT	1	DR23K	placeholder
KGBR-BUT-222	2023-MSMT	1	DR23K	placeholder
KGBR-BUT-221	2023-MSMT	1	DR23K	placeholder
KGBR-BUT-220	2023-MSMT	1	DR23K	placeholder
KGBR-BUT-219	2023-MSMT	1	DR23K	placeholder
KGBR-BUT-218	2023-MSMT	1	DR23K	placeholder
KGBR-BUT-217	2023-MSMT	1	DR23K	placeholder
KGBR-BUT-216	2023-MSMT	1	DR23K	placeholder
KGBR-BUT-215	2023-MSMT	1	DR23K	placeholder
KGBR-BUT-214	2023-MSMT	1	DR23K	placeholder
KGBR-BUT-206	2023-MSMT	1	DR23K	placeholder
KGBR-BUT-205	2023-MSMT	1	DR23K	placeholder
KGBR-BUT-204	2023-MSMT	1	DR23K	placeholder
KGBR-BUT-202	2023-MSMT	1	DR23K	placeholder
KGBR-BUT-200	2023-MSMT	1	DR23K	placeholder
KGBR-BUT-196	2023-MSMT	1	DR23K	placeholder
KGBR-BUT-193	2023-MSMT	1	DR23K	placeholder
KGBR-BUT-192	2023-MSMT	1	DR23K	placeholder
KGBR-BUT-188	2023-MSMT	1	DR23K	placeholder
KGBR-BUT-187	2023-MSMT	1	DR23K	placeholder
KGBR-BUT-185	2023-MSMT	1	DR23K	placeholder
KGBR-BUT-184	2023-MSMT	1	DR23K	placeholder
KGBR-BUT-183	2023-MSMT	1	DR23K	placeholder
KGBR-BUT-182	2023-MSMT	1	DR23K	placeholder
KGBR-BUT-181	2023-MSMT	1	DR23K	placeholder
KGBR-BUT-179	2023-MSMT	1	DR23K	placeholder
KGBR-BUT-176	2023-MSMT	1	DR23K	placeholder
KGBR-BUT-175	2023-MSMT	1	DR23K	placeholder
KGBR-BUT-174	2023-MSMT	1	DR23K	placeholder
KGBR-BUT-172	2023-MSMT	1	DR23K	placeholder
KGBR-BUT-171	2023-MSMT	1	DR23K	placeholder
KGBR-BUT-169	2023-MSMT	1	DR23K	placeholder
KGBR-BUT-168	2023-MSMT	1	DR23K	placeholder
KGBR-BUT-167	2023-MSMT	1	DR23K	placeholder
KGBR-BUT-165	2023-MSMT	1	DR23K	placeholder
KGBR-BUT-164	2023-MSMT	1	DR23K	placeholder
KGBR-BUT-163	2023-MSMT	1	DR23K	placeholder
KGBR-BUT-161	2023-MSMT	1	DR23K	placeholder
KGBR-BUT-160	2023-MSMT	1	DR23K	placeholder
KGBR-BUT-159	2023-MSMT	1	DR23K	placeholder
KGBR-BUT-156	2023-MSMT	1	DR23K	placeholder
KGBR-BUT-155	2023-MSMT	1	DR23K	placeholder
KGBR-BUT-154	2023-MSMT	1	DR23K	placeholder
KGBR-BUT-153	2023-MSMT	1	DR23K	placeholder
KGBR-BUT-152	2023-MSMT	1	DR23K	placeholder
KGBR-BUT-151	2023-MSMT	1	DR23K	placeholder
KGBR-BUT-150	2023-MSMT	1	DR23K	placeholder
KGBR-BUT-149	2023-MSMT	1	DR23K	placeholder
KGBR-BUT-147	2023-MSMT	1	DR23K	placeholder
KGBR-BUT-145	2023-MSMT	1	DR23K	placeholder
KGBR-BUT-143	2023-MSMT	1	DR23K	placeholder
KGBR-BUT-142	2023-MSMT	1	DR23K	placeholder
KGBR-BUT-141	2023-MSMT	1	DR23K	placeholder
KGBR-BUT-135	2023-MSMT	1	DR23K	placeholder
KGBR-BUT-133	2023-MSMT	1	DR23K	placeholder
KGBR-BUT-131	2023-MSMT	1	DR23K	placeholder
KGBR-BUT-130	2023-MSMT	1	DR23K	placeholder
KGBR-BUT-129	2023-MSMT	1	DR23K	placeholder
KGBR-BUT-128	2023-MSMT	1	DR23K	placeholder
KGBR-BUT-127	2023-MSMT	1	DR23K	placeholder
KGBR-BUT-126	2023-MSMT	1	DR23K	placeholder
KGBR-BUT-125	2023-MSMT	1	DR23K	placeholder
KGBR-BUT-124	2023-MSMT	1	DR23K	placeholder
KGBR-BUT-121	2023-MSMT	1	DR23K	placeholder
KGBR-BUT-119	2023-MSMT	1	DR23K	placeholder
KGBR-BUT-118	2023-MSMT	1	DR23K	placeholder
KGBR-BUT-116	2023-MSMT	1	DR23K	placeholder
KGBR-BUT-114	2023-MSMT	1	DR23K	placeholder
KGBR-BUT-112	2023-MSMT	1	DR23K	placeholder
KGBR-BUT-107	2023-MSMT	1	DR23K	placeholder
KGBR-BUT-105	2023-MSMT	1	DR23K	placeholder
KGBR-BUT-102	2023-MSMT	1	DR23K	placeholder
KGBR-BUT-100	2023-MSMT	1	DR23K	placeholder
KGBR-BUT-014	2023-MSMT	1	DR23K	placeholder
KGBR-BUT-099	2023-MSMT	1	DR23K	placeholder
KGBR-BUT-096	2023-MSMT	1	DR23K	placeholder
KGBR-BUT-093	2023-MSMT	1	DR23K	placeholder
KGBR-BUT-091	2023-MSMT	1	DR23K	placeholder
KGBR-BUT-090	2023-MSMT	1	DR23K	placeholder
KGBR-BUT-089	2023-MSMT	1	DR23K	placeholder
KGBR-BUT-088	2023-MSMT	1	DR23K	placeholder
KGBR-BUT-087	2023-MSMT	1	DR23K	placeholder
KGBR-BUT-086	2023-MSMT	1	DR23K	placeholder
KGBR-BUT-085	2023-MSMT	1	DR23K	placeholder
KGBR-BUT-084	2023-MSMT	1	DR23K	placeholder
KGBR-BUT-083	2023-MSMT	1	DR23K	placeholder
KGBR-BUT-082	2023-MSMT	1	DR23K	placeholder
KGBR-BUT-081	2023-MSMT	1	DR23K	placeholder
KGBR-BUT-080	2023-MSMT	1	DR23K	placeholder
KGBR-BUT-079	2023-MSMT	1	DR23K	placeholder
KGBR-BUT-078	2023-MSMT	1	DR23K	placeholder
KGBR-BUT-077	2023-MSMT	1	DR23K	placeholder
KGBR-BUT-074	2023-MSMT	1	DR23K	placeholder
KGBR-BUT-072	2023-MSMT	1	DR23K	placeholder
KGBR-BUT-069	2023-MSMT	1	DR23K	placeholder
KGBR-BUT-065	2023-MSMT	1	DR23K	placeholder
KGBR-BUT-058	2023-MSMT	1	DR23K	placeholder
KGBR-BUT-057	2023-MSMT	1	DR23K	placeholder
KGBR-BUT-055	2023-MSMT	1	DR23K	placeholder
KGBR-BUT-052	2023-MSMT	1	DR23K	placeholder
KGBR-BUT-051	2023-MSMT	1	DR23K	placeholder
KGBR-BUT-050	2023-MSMT	1	DR23K	placeholder
KGBR-BUT-048	2023-MSMT	1	DR23K	placeholder
KGBR-BUT-047	2023-MSMT	1	DR23K	placeholder
KGBR-BUT-046	2023-MSMT	1	DR23K	placeholder
KGBR-BUT-045	2023-MSMT	1	DR23K	placeholder
KGBR-BUT-043	2023-MSMT	1	DR23K	placeholder
KGBR-BUT-041	2023-MSMT	1	DR23K	placeholder
KGBR-BUT-040	2023-MSMT	1	DR23K	placeholder
KGBR-BUT-038	2023-MSMT	1	DR23K	placeholder
KGBR-BUT-037	2023-MSMT	1	DR23K	placeholder
KGBR-BUT-036	2023-MSMT	1	DR23K	placeholder
KGBR-BUT-035	2023-MSMT	1	DR23K	placeholder
KGBR-BUT-034	2023-MSMT	1	DR23K	placeholder
KGBR-BUT-033	2023-MSMT	1	DR23K	placeholder
KGBR-BUT-032	2023-MSMT	1	DR23K	placeholder
KGBR-BUT-029	2023-MSMT	1	DR23K	placeholder
KGBR-BUT-028	2023-MSMT	1	DR23K	placeholder
KGBR-BUT-027	2023-MSMT	1	DR23K	placeholder
KGBR-BUT-024	2023-MSMT	1	DR23K	placeholder
KGBR-BUT-022	2023-MSMT	1	DR23K	placeholder
KGBR-BUT-021	2023-MSMT	1	DR23K	placeholder
KGBR-BUT-020	2023-MSMT	1	DR23K	placeholder
KGBR-BUT-017	2023-MSMT	1	DR23K	placeholder
KGBR-BUT-016	2023-MSMT	1	DR23K	placeholder
KGBR-BUT-010	2023-MSMT	1	DR23K	placeholder
KGBR-BUT-008	2023-MSMT	1	DR23K	placeholder
KGBR-BUT-005	2023-MSMT	1	DR23K	placeholder
KGBR-BUT-004	2023-MSMT	1	DR23K	placeholder
KGBR-BUT-003	2023-MSMT	1	DR23K	placeholder
KGBR-BUT-002	2023-MSMT	1	DR23K	placeholder
KGBR-BUT-001	2023-MSMT	1	DR23K	placeholder
KGBI-KZB-226	2023-MSMT	1	DR23K	placeholder
KGBI-KZB-224	2023-MSMT	1	DR23K	placeholder
KGBI-KZB-222	2023-MSMT	1	DR23K	placeholder
KGBI-KZB-221	2023-MSMT	1	DR23K	placeholder
KGBI-KZB-220	2023-MSMT	1	DR23K	placeholder
KGBI-KZB-219	2023-MSMT	1	DR23K	placeholder
KGBI-KZB-217	2023-MSMT	1	DR23K	placeholder
KGBI-KZB-216	2023-MSMT	1	DR23K	placeholder
KGBI-KZB-214	2023-MSMT	1	DR23K	placeholder
KGBI-KZB-213	2023-MSMT	1	DR23K	placeholder
KGBI-KZB-211	2023-MSMT	1	DR23K	placeholder
KGBI-KZB-209	2023-MSMT	1	DR23K	placeholder
KGBI-KZB-206	2023-MSMT	1	DR23K	placeholder
KGBI-KZB-202	2023-MSMT	1	DR23K	placeholder
KGBI-KZB-201	2023-MSMT	1	DR23K	placeholder
KGBI-KZB-200	2023-MSMT	1	DR23K	placeholder
KGBI-KZB-196	2023-MSMT	1	DR23K	placeholder
KGBI-KZB-195	2023-MSMT	1	DR23K	placeholder
KGBI-KZB-194	2023-MSMT	1	DR23K	placeholder
KGBI-KZB-193	2023-MSMT	1	DR23K	placeholder
KGBI-KZB-192	2023-MSMT	1	DR23K	placeholder
KGBI-KZB-191	2023-MSMT	1	DR23K	placeholder
KGBI-KZB-190	2023-MSMT	1	DR23K	placeholder
KGBI-KZB-188	2023-MSMT	1	DR23K	placeholder
KGBI-KZB-183	2023-MSMT	1	DR23K	placeholder
KGBI-KZB-182	2023-MSMT	1	DR23K	placeholder
KGBI-KZB-181	2023-MSMT	1	DR23K	placeholder
KGBI-KZB-180	2023-MSMT	1	DR23K	placeholder
KGBI-KZB-178	2023-MSMT	1	DR23K	placeholder
KGBI-KZB-175	2023-MSMT	1	DR23K	placeholder
KGBI-KZB-174	2023-MSMT	1	DR23K	placeholder
KGBI-KZB-173	2023-MSMT	1	DR23K	placeholder
KGBI-KZB-171	2023-MSMT	1	DR23K	placeholder
KGBI-KZB-166	2023-MSMT	1	DR23K	placeholder
KGBI-KZB-164	2023-MSMT	1	DR23K	placeholder
KGBI-KZB-163	2023-MSMT	1	DR23K	placeholder
KGBI-KZB-162	2023-MSMT	1	DR23K	placeholder
KGBI-KZB-161	2023-MSMT	1	DR23K	placeholder
KGBI-KZB-160	2023-MSMT	1	DR23K	placeholder
KGBI-KZB-159	2023-MSMT	1	DR23K	placeholder
KGBI-KZB-158	2023-MSMT	1	DR23K	placeholder
KGBI-KZB-157	2023-MSMT	1	DR23K	placeholder
KGBI-KZB-154	2023-MSMT	1	DR23K	placeholder
KGBI-KZB-151	2023-MSMT	1	DR23K	placeholder
KGBI-KZB-149	2023-MSMT	1	DR23K	placeholder
KGBI-KZB-141	2023-MSMT	1	DR23K	placeholder
KGBI-KZB-140	2023-MSMT	1	DR23K	placeholder
KGBI-KZB-139	2023-MSMT	1	DR23K	placeholder
KGBI-KZB-138	2023-MSMT	1	DR23K	placeholder
KGBI-KZB-137	2023-MSMT	1	DR23K	placeholder
KGBI-KZB-136	2023-MSMT	1	DR23K	placeholder
KGBI-KZB-135	2023-MSMT	1	DR23K	placeholder
KGBI-KZB-132	2023-MSMT	1	DR23K	placeholder
KGBI-KZB-131	2023-MSMT	1	DR23K	placeholder
KGBI-KZB-129	2023-MSMT	1	DR23K	placeholder
KGBI-KZB-126	2023-MSMT	1	DR23K	placeholder
KGBI-KZB-125	2023-MSMT	1	DR23K	placeholder
KGBI-KZB-123	2023-MSMT	1	DR23K	placeholder
KGBI-KZB-122	2023-MSMT	1	DR23K	placeholder
KGBI-KZB-118	2023-MSMT	1	DR23K	placeholder
KGBI-KZB-115	2023-MSMT	1	DR23K	placeholder
KGBI-KZB-114	2023-MSMT	1	DR23K	placeholder
KGBI-KZB-112	2023-MSMT	1	DR23K	placeholder
KGBI-KZB-109	2023-MSMT	1	DR23K	placeholder
KGBI-KZB-107	2023-MSMT	1	DR23K	placeholder
KGBI-KZB-106	2023-MSMT	1	DR23K	placeholder
KGBI-KZB-102	2023-MSMT	1	DR23K	placeholder
KGBI-KZB-101	2023-MSMT	1	DR23K	placeholder
KGBI-KZB-100	2023-MSMT	1	DR23K	placeholder
KGBI-KZB-098	2023-MSMT	1	DR23K	placeholder
KGBI-KZB-095	2023-MSMT	1	DR23K	placeholder
KGBI-KZB-094	2023-MSMT	1	DR23K	placeholder
KGBI-KZB-093	2023-MSMT	1	DR23K	placeholder
KGBI-KZB-092	2023-MSMT	1	DR23K	placeholder
KGBI-KZB-075	2023-MSMT	1	DR23K	placeholder
KGBI-KZB-072	2023-MSMT	1	DR23K	placeholder
KGBI-KZB-070	2023-MSMT	1	DR23K	placeholder
KGBI-KZB-069	2023-MSMT	1	DR23K	placeholder
KGBI-KZB-064	2023-MSMT	1	DR23K	placeholder
KGBI-KZB-063	2023-MSMT	1	DR23K	placeholder
KGBI-KZB-062	2023-MSMT	1	DR23K	placeholder
KGBI-KZB-060	2023-MSMT	1	DR23K	placeholder
KGBI-KZB-059	2023-MSMT	1	DR23K	placeholder
KGBI-KZB-055	2023-MSMT	1	DR23K	placeholder
KGBI-KZB-054	2023-MSMT	1	DR23K	placeholder
KGBI-KZB-050	2023-MSMT	1	DR23K	placeholder
KGBI-KZB-048	2023-MSMT	1	DR23K	placeholder
KGBI-KZB-043	2023-MSMT	1	DR23K	placeholder
KGBI-KZB-038	2023-MSMT	1	DR23K	placeholder
KGBI-KZB-037	2023-MSMT	1	DR23K	placeholder
KGBI-KZB-033	2023-MSMT	1	DR23K	placeholder
KGBI-KZB-032	2023-MSMT	1	DR23K	placeholder
KGBI-KZB-029	2023-MSMT	1	DR23K	placeholder
KGBI-KZB-028	2023-MSMT	1	DR23K	placeholder
KGBI-KZB-026	2023-MSMT	1	DR23K	placeholder
KGBI-KZB-024	2023-MSMT	1	DR23K	placeholder
KGBI-KZB-021	2023-MSMT	1	DR23K	placeholder
KGBI-KZB-020	2023-MSMT	1	DR23K	placeholder
KGBI-KZB-013	2023-MSMT	1	DR23K	placeholder
KGBI-KZB-011	2023-MSMT	1	DR23K	placeholder
KGBI-KZB-010	2023-MSMT	1	DR23K	placeholder
KGBI-KZB-007	2023-MSMT	1	DR23K	placeholder
KGBI-KZB-006	2023-MSMT	1	DR23K	placeholder
KGBI-KZB-005	2023-MSMT	1	DR23K	placeholder
KGBI-KZB-004	2023-MSMT	1	DR23K	placeholder
KGBI-KZB-003	2023-MSMT	1	DR23K	placeholder
